CCS PCM C Compiler, Version 5.015, 5967               25-sept-25 14:05

               Filename:   Z:\6 Electronica\Martin\6to Año\Digitales-6to\Lcd grafico.X\build\default\production\imagen.lst

               ROM used:   3023 words (37%)
                           Largest free fragment is 2048
               RAM used:   35 (10%) at main() level
                           74 (20%) worst case
               Stack used: 4 locations
               Stack size: 8

*
0000:  MOVLW  07
0001:  MOVWF  0A
0002:  GOTO   770
0003:  NOP
.................... #include <16F877A.h> 
.................... //////////// Standard Header file for the PIC16F877A device //////////////// 
.................... /////////////////////////////////////////////////////////////////////////// 
.................... ////        (C) Copyright 1996, 2013 Custom Computer Services          //// 
.................... //// This source code may only be used by licensed users of the CCS C  //// 
.................... //// compiler.  This source code may only be distributed to other      //// 
.................... //// licensed users of the CCS C compiler.  No other use, reproduction //// 
.................... //// or distribution is permitted without written permission.          //// 
.................... //// Derivative programs created using this software in object code    //// 
.................... //// form are not restricted in any way.                               //// 
.................... /////////////////////////////////////////////////////////////////////////// 
.................... #device PIC16F877A 
0004:  MOVWF  7B
0005:  MOVLW  00
0006:  ADDWF  7A,W
0007:  MOVWF  0A
0008:  MOVF   7B,W
0009:  ADDLW  0D
000A:  BTFSC  03.0
000B:  INCF   0A,F
000C:  MOVWF  02
000D:  RETLW  00
000E:  RETLW  00
000F:  RETLW  06
0010:  RETLW  B7
0011:  RETLW  FE
0012:  RETLW  FF
0013:  RETLW  FF
0014:  RETLW  FF
0015:  RETLW  B6
0016:  RETLW  00
0017:  RETLW  00
0018:  RETLW  00
0019:  RETLW  00
001A:  RETLW  00
001B:  RETLW  00
001C:  RETLW  00
001D:  RETLW  00
001E:  RETLW  00
001F:  RETLW  09
0020:  RETLW  6F
0021:  RETLW  FF
0022:  RETLW  7F
0023:  RETLW  FF
0024:  RETLW  DF
0025:  RETLW  E9
0026:  RETLW  00
0027:  RETLW  00
0028:  RETLW  00
0029:  RETLW  00
002A:  RETLW  00
002B:  RETLW  00
002C:  RETLW  00
002D:  RETLW  00
002E:  RETLW  00
002F:  RETLW  06
0030:  RETLW  BF
0031:  RETLW  FD
0032:  RETLW  BF
0033:  RETLW  FF
0034:  RETLW  FA
0035:  RETLW  F5
0036:  RETLW  80
0037:  RETLW  00
0038:  RETLW  00
0039:  RETLW  00
003A:  RETLW  00
003B:  RETLW  00
003C:  RETLW  00
003D:  RETLW  00
003E:  RETLW  00
003F:  RETLW  19
0040:  RETLW  FF
0041:  RETLW  FF
0042:  RETLW  7F
0043:  RETLW  FF
0044:  RETLW  EF
0045:  RETLW  FA
0046:  RETLW  C0
0047:  RETLW  00
0048:  RETLW  00
0049:  RETLW  00
004A:  RETLW  00
004B:  RETLW  00
004C:  RETLW  00
004D:  RETLW  00
004E:  RETLW  00
004F:  RETLW  17
0050:  RETLW  57
0051:  RETLW  FF
0052:  RETLW  BF
0053:  RETLW  FF
0054:  RETLW  75
0055:  RETLW  BD
0056:  RETLW  30
0057:  RETLW  00
0058:  RETLW  00
0059:  RETLW  00
005A:  RETLW  00
005B:  RETLW  00
005C:  RETLW  00
005D:  RETLW  00
005E:  RETLW  00
005F:  RETLW  15
0060:  RETLW  DF
0061:  RETLW  FF
0062:  RETLW  EF
0063:  RETLW  FF
0064:  RETLW  FE
0065:  RETLW  EE
0066:  RETLW  D0
0067:  RETLW  00
0068:  RETLW  00
0069:  RETLW  00
006A:  RETLW  00
006B:  RETLW  00
006C:  RETLW  00
006D:  RETLW  00
006E:  RETLW  00
006F:  RETLW  2B
0070:  RETLW  7F
0071:  RETLW  FE
0072:  RETLW  BF
0073:  RETLW  FF
0074:  RETLW  DB
0075:  RETLW  7F
0076:  RETLW  AC
0077:  RETLW  00
0078:  RETLW  00
0079:  RETLW  00
007A:  RETLW  00
007B:  RETLW  00
007C:  RETLW  00
007D:  RETLW  00
007E:  RETLW  00
007F:  RETLW  36
0080:  RETLW  FF
0081:  RETLW  FF
0082:  RETLW  FF
0083:  RETLW  FD
0084:  RETLW  7F
0085:  RETLW  D7
0086:  RETLW  D4
0087:  RETLW  00
0088:  RETLW  00
0089:  RETLW  00
008A:  RETLW  00
008B:  RETLW  00
008C:  RETLW  00
008D:  RETLW  00
008E:  RETLW  00
008F:  RETLW  2D
0090:  RETLW  7F
0091:  RETLW  FF
0092:  RETLW  FB
0093:  RETLW  FF
0094:  RETLW  ED
0095:  RETLW  BD
0096:  RETLW  EB
0097:  RETLW  00
0098:  RETLW  00
0099:  RETLW  00
009A:  RETLW  00
009B:  RETLW  00
009C:  RETLW  00
009D:  RETLW  00
009E:  RETLW  00
009F:  RETLW  5B
00A0:  RETLW  EF
00A1:  RETLW  FF
00A2:  RETLW  57
00A3:  RETLW  FF
00A4:  RETLW  5B
00A5:  RETLW  F7
00A6:  RETLW  F5
00A7:  RETLW  00
00A8:  RETLW  00
00A9:  RETLW  00
00AA:  RETLW  00
00AB:  RETLW  00
00AC:  RETLW  00
00AD:  RETLW  00
00AE:  RETLW  00
00AF:  RETLW  2D
00B0:  RETLW  BF
00B1:  RETLW  FF
00B2:  RETLW  D5
00B3:  RETLW  FF
00B4:  RETLW  FE
00B5:  RETLW  DF
00B6:  RETLW  5E
00B7:  RETLW  C0
00B8:  RETLW  00
00B9:  RETLW  00
00BA:  RETLW  00
00BB:  RETLW  00
00BC:  RETLW  00
00BD:  RETLW  00
00BE:  RETLW  00
00BF:  RETLW  5B
00C0:  RETLW  7F
00C1:  RETLW  FC
00C2:  RETLW  02
00C3:  RETLW  BF
00C4:  RETLW  BD
00C5:  RETLW  F7
00C6:  RETLW  F5
00C7:  RETLW  50
00C8:  RETLW  00
00C9:  RETLW  00
00CA:  RETLW  00
00CB:  RETLW  00
00CC:  RETLW  00
00CD:  RETLW  00
00CE:  RETLW  00
00CF:  RETLW  5F
00D0:  RETLW  D7
00D1:  RETLW  FE
00D2:  RETLW  80
00D3:  RETLW  4F
00D4:  RETLW  EF
00D5:  RETLW  7D
00D6:  RETLW  BF
00D7:  RETLW  A8
00D8:  RETLW  00
00D9:  RETLW  00
00DA:  RETLW  00
00DB:  RETLW  00
00DC:  RETLW  00
00DD:  RETLW  00
00DE:  RETLW  00
00DF:  RETLW  76
00E0:  RETLW  BF
00E1:  RETLW  70
00E2:  RETLW  00
00E3:  RETLW  15
00E4:  RETLW  FF
00E5:  RETLW  FB
00E6:  RETLW  EA
00E7:  RETLW  D4
00E8:  RETLW  00
00E9:  RETLW  00
00EA:  RETLW  00
00EB:  RETLW  00
00EC:  RETLW  00
00ED:  RETLW  00
00EE:  RETLW  00
00EF:  RETLW  3F
00F0:  RETLW  EF
00F1:  RETLW  FA
00F2:  RETLW  00
00F3:  RETLW  0A
00F4:  RETLW  BB
00F5:  RETLW  DD
00F6:  RETLW  7F
00F7:  RETLW  6A
00F8:  RETLW  00
00F9:  RETLW  00
00FA:  RETLW  00
00FB:  RETLW  00
00FC:  RETLW  00
00FD:  RETLW  00
00FE:  RETLW  00
00FF:  RETLW  FD
0100:  RETLW  BB
0101:  RETLW  E0
0102:  RETLW  00
0103:  RETLW  03
0104:  RETLW  FF
0105:  RETLW  FF
0106:  RETLW  F5
0107:  RETLW  D5
0108:  RETLW  80
0109:  RETLW  00
010A:  RETLW  00
010B:  RETLW  00
010C:  RETLW  00
010D:  RETLW  00
010E:  RETLW  00
010F:  RETLW  2E
0110:  RETLW  FD
0111:  RETLW  68
0112:  RETLW  00
0113:  RETLW  00
0114:  RETLW  6D
0115:  RETLW  EE
0116:  RETLW  BF
0117:  RETLW  7A
0118:  RETLW  60
0119:  RETLW  00
011A:  RETLW  00
011B:  RETLW  00
011C:  RETLW  00
011D:  RETLW  00
011E:  RETLW  00
011F:  RETLW  7F
0120:  RETLW  F7
0121:  RETLW  40
0122:  RETLW  00
0123:  RETLW  01
0124:  RETLW  5F
0125:  RETLW  FF
0126:  RETLW  FB
0127:  RETLW  D5
0128:  RETLW  90
0129:  RETLW  00
012A:  RETLW  00
012B:  RETLW  00
012C:  RETLW  00
012D:  RETLW  00
012E:  RETLW  00
012F:  RETLW  7A
0130:  RETLW  FA
0131:  RETLW  C0
0132:  RETLW  00
0133:  RETLW  00
0134:  RETLW  2E
0135:  RETLW  F7
0136:  RETLW  5D
0137:  RETLW  FF
0138:  RETLW  66
0139:  RETLW  00
013A:  RETLW  00
013B:  RETLW  00
013C:  RETLW  00
013D:  RETLW  00
013E:  RETLW  00
013F:  RETLW  7F
0140:  RETLW  EE
0141:  RETLW  80
0142:  RETLW  00
0143:  RETLW  00
0144:  RETLW  5B
0145:  RETLW  FF
0146:  RETLW  FF
0147:  RETLW  D6
0148:  RETLW  99
0149:  RETLW  40
014A:  RETLW  00
014B:  RETLW  00
014C:  RETLW  00
014D:  RETLW  00
014E:  RETLW  00
014F:  RETLW  7F
0150:  RETLW  FA
0151:  RETLW  C0
0152:  RETLW  00
0153:  RETLW  00
0154:  RETLW  0D
0155:  RETLW  FF
0156:  RETLW  EF
0157:  RETLW  FB
0158:  RETLW  E6
0159:  RETLW  A8
015A:  RETLW  00
015B:  RETLW  00
015C:  RETLW  00
015D:  RETLW  00
015E:  RETLW  00
015F:  RETLW  7B
0160:  RETLW  ED
0161:  RETLW  80
0162:  RETLW  00
0163:  RETLW  00
0164:  RETLW  17
0165:  RETLW  7B
0166:  RETLW  FF
0167:  RETLW  BE
0168:  RETLW  F9
0169:  RETLW  57
016A:  RETLW  D0
016B:  RETLW  00
016C:  RETLW  00
016D:  RETLW  00
016E:  RETLW  00
016F:  RETLW  3F
0170:  RETLW  F7
0171:  RETLW  00
0172:  RETLW  00
0173:  RETLW  00
0174:  RETLW  01
0175:  RETLW  FF
0176:  RETLW  FB
0177:  RETLW  FF
0178:  RETLW  FE
0179:  RETLW  B9
017A:  RETLW  34
017B:  RETLW  00
017C:  RETLW  00
017D:  RETLW  00
017E:  RETLW  00
017F:  RETLW  7F
0180:  RETLW  D5
0181:  RETLW  00
0182:  RETLW  00
0183:  RETLW  08
0184:  RETLW  0A
0185:  RETLW  FF
0186:  RETLW  FF
0187:  RETLW  FF
0188:  RETLW  FF
0189:  RETLW  D7
018A:  RETLW  ED
018B:  RETLW  00
018C:  RETLW  00
018D:  RETLW  00
018E:  RETLW  00
018F:  RETLW  3B
0190:  RETLW  F6
0191:  RETLW  80
0192:  RETLW  00
0193:  RETLW  10
0194:  RETLW  02
0195:  RETLW  7F
0196:  RETLW  FD
0197:  RETLW  FF
0198:  RETLW  BF
0199:  RETLW  FD
019A:  RETLW  5A
019B:  RETLW  40
019C:  RETLW  00
019D:  RETLW  00
019E:  RETLW  00
019F:  RETLW  7F
01A0:  RETLW  ED
01A1:  RETLW  00
01A2:  RETLW  00
01A3:  RETLW  62
01A4:  RETLW  8A
01A5:  RETLW  FF
01A6:  RETLW  FF
01A7:  RETLW  FF
01A8:  RETLW  FF
01A9:  RETLW  FF
01AA:  RETLW  F7
01AB:  RETLW  E0
01AC:  RETLW  00
01AD:  RETLW  00
01AE:  RETLW  00
01AF:  RETLW  3F
01B0:  RETLW  F6
01B1:  RETLW  80
01B2:  RETLW  00
01B3:  RETLW  CB
01B4:  RETLW  F5
01B5:  RETLW  3F
01B6:  RETLW  FE
01B7:  RETLW  FF
01B8:  RETLW  FF
01B9:  RETLW  FF
01BA:  RETLW  FF
01BB:  RETLW  A0
01BC:  RETLW  00
01BD:  RETLW  00
01BE:  RETLW  00
01BF:  RETLW  3F
01C0:  RETLW  ED
01C1:  RETLW  00
01C2:  RETLW  03
01C3:  RETLW  96
01C4:  RETLW  39
01C5:  RETLW  3F
01C6:  RETLW  FF
01C7:  RETLW  FF
01C8:  RETLW  FF
01C9:  RETLW  FF
01CA:  RETLW  FD
01CB:  RETLW  60
01CC:  RETLW  00
01CD:  RETLW  00
01CE:  RETLW  00
01CF:  RETLW  3F
01D0:  RETLW  F5
01D1:  RETLW  00
01D2:  RETLW  00
01D3:  RETLW  2B
01D4:  RETLW  04
01D5:  RETLW  9F
01D6:  RETLW  FF
01D7:  RETLW  FF
01D8:  RETLW  FF
01D9:  RETLW  FF
01DA:  RETLW  FF
01DB:  RETLW  E0
01DC:  RETLW  00
01DD:  RETLW  00
01DE:  RETLW  00
01DF:  RETLW  3F
01E0:  RETLW  EC
01E1:  RETLW  00
01E2:  RETLW  02
01E3:  RETLW  C2
01E4:  RETLW  40
01E5:  RETLW  1F
01E6:  RETLW  FF
01E7:  RETLW  FF
01E8:  RETLW  FF
01E9:  RETLW  FE
01EA:  RETLW  84
01EB:  RETLW  00
01EC:  RETLW  00
01ED:  RETLW  00
01EE:  RETLW  00
01EF:  RETLW  1F
01F0:  RETLW  F5
01F1:  RETLW  80
01F2:  RETLW  00
01F3:  RETLW  20
01F4:  RETLW  40
01F5:  RETLW  4F
01F6:  RETLW  FF
01F7:  RETLW  FF
01F8:  RETLW  FF
01F9:  RETLW  F9
01FA:  RETLW  20
01FB:  RETLW  00
01FC:  RETLW  00
01FD:  RETLW  00
01FE:  RETLW  00
01FF:  RETLW  3F
0200:  RETLW  FF
0201:  RETLW  A0
0202:  RETLW  00
0203:  RETLW  81
0204:  RETLW  80
0205:  RETLW  1F
0206:  RETLW  FF
0207:  RETLW  FF
0208:  RETLW  FF
0209:  RETLW  D6
020A:  RETLW  00
020B:  RETLW  00
020C:  RETLW  00
020D:  RETLW  00
020E:  RETLW  00
020F:  RETLW  1F
0210:  RETLW  F8
0211:  RETLW  5A
0212:  RETLW  00
0213:  RETLW  04
0214:  RETLW  00
0215:  RETLW  4F
0216:  RETLW  FF
0217:  RETLW  FF
0218:  RETLW  FF
0219:  RETLW  FD
021A:  RETLW  C0
021B:  RETLW  00
021C:  RETLW  00
021D:  RETLW  00
021E:  RETLW  00
021F:  RETLW  1F
0220:  RETLW  ED
0221:  RETLW  FC
0222:  RETLW  80
0223:  RETLW  00
0224:  RETLW  00
0225:  RETLW  8F
0226:  RETLW  FF
0227:  RETLW  FF
0228:  RETLW  FF
0229:  RETLW  FF
022A:  RETLW  B0
022B:  RETLW  00
022C:  RETLW  00
022D:  RETLW  00
022E:  RETLW  00
022F:  RETLW  1F
0230:  RETLW  FF
0231:  RETLW  EA
0232:  RETLW  00
0233:  RETLW  00
0234:  RETLW  00
0235:  RETLW  27
0236:  RETLW  FF
0237:  RETLW  FF
0238:  RETLW  BF
0239:  RETLW  FF
023A:  RETLW  FE
023B:  RETLW  00
023C:  RETLW  00
023D:  RETLW  00
023E:  RETLW  00
023F:  RETLW  1F
0240:  RETLW  FF
0241:  RETLW  18
0242:  RETLW  00
0243:  RETLW  00
0244:  RETLW  00
0245:  RETLW  4F
0246:  RETLW  FF
0247:  RETLW  FF
0248:  RETLW  FF
0249:  RETLW  EF
024A:  RETLW  ED
024B:  RETLW  C0
024C:  RETLW  00
024D:  RETLW  00
024E:  RETLW  00
024F:  RETLW  0F
0250:  RETLW  FB
0251:  RETLW  81
0252:  RETLW  00
0253:  RETLW  00
0254:  RETLW  00
0255:  RETLW  23
0256:  RETLW  FF
0257:  RETLW  FF
0258:  RETLW  DF
0259:  RETLW  F5
025A:  RETLW  BA
025B:  RETLW  00
025C:  RETLW  00
025D:  RETLW  00
025E:  RETLW  00
025F:  RETLW  0F
0260:  RETLW  FC
0261:  RETLW  CA
0262:  RETLW  00
0263:  RETLW  00
0264:  RETLW  00
0265:  RETLW  8F
0266:  RETLW  FF
0267:  RETLW  FF
0268:  RETLW  BC
0269:  RETLW  A0
026A:  RETLW  44
026B:  RETLW  A0
026C:  RETLW  00
026D:  RETLW  00
026E:  RETLW  00
026F:  RETLW  0F
0270:  RETLW  FA
0271:  RETLW  30
0272:  RETLW  00
0273:  RETLW  00
0274:  RETLW  04
0275:  RETLW  21
0276:  RETLW  FF
0277:  RETLW  FF
0278:  RETLW  FF
0279:  RETLW  5C
027A:  RETLW  12
027B:  RETLW  00
027C:  RETLW  00
027D:  RETLW  00
027E:  RETLW  00
027F:  RETLW  0F
0280:  RETLW  FC
0281:  RETLW  00
0282:  RETLW  00
0283:  RETLW  00
0284:  RETLW  00
0285:  RETLW  8B
0286:  RETLW  FF
0287:  RETLW  FF
0288:  RETLW  FA
0289:  RETLW  80
028A:  RETLW  00
028B:  RETLW  00
028C:  RETLW  00
028D:  RETLW  00
028E:  RETLW  00
028F:  RETLW  07
0290:  RETLW  FD
0291:  RETLW  00
0292:  RETLW  00
0293:  RETLW  00
0294:  RETLW  10
0295:  RETLW  21
0296:  RETLW  FF
0297:  RETLW  FF
0298:  RETLW  FF
0299:  RETLW  01
029A:  RETLW  00
029B:  RETLW  00
029C:  RETLW  00
029D:  RETLW  00
029E:  RETLW  00
029F:  RETLW  07
02A0:  RETLW  FE
02A1:  RETLW  00
02A2:  RETLW  00
02A3:  RETLW  01
02A4:  RETLW  02
02A5:  RETLW  8B
02A6:  RETLW  FF
02A7:  RETLW  FF
02A8:  RETLW  7C
02A9:  RETLW  A0
02AA:  RETLW  00
02AB:  RETLW  00
02AC:  RETLW  00
02AD:  RETLW  00
02AE:  RETLW  00
02AF:  RETLW  07
02B0:  RETLW  FF
02B1:  RETLW  00
02B2:  RETLW  00
02B3:  RETLW  04
02B4:  RETLW  00
02B5:  RETLW  21
02B6:  RETLW  FF
02B7:  RETLW  FF
02B8:  RETLW  FF
02B9:  RETLW  90
02BA:  RETLW  00
02BB:  RETLW  00
02BC:  RETLW  00
02BD:  RETLW  00
02BE:  RETLW  00
02BF:  RETLW  07
02C0:  RETLW  FF
02C1:  RETLW  00
02C2:  RETLW  00
02C3:  RETLW  01
02C4:  RETLW  20
02C5:  RETLW  8B
02C6:  RETLW  FF
02C7:  RETLW  FE
02C8:  RETLW  6E
02C9:  RETLW  44
02CA:  RETLW  00
02CB:  RETLW  00
02CC:  RETLW  00
02CD:  RETLW  00
02CE:  RETLW  00
02CF:  RETLW  03
02D0:  RETLW  FF
02D1:  RETLW  80
02D2:  RETLW  00
02D3:  RETLW  00
02D4:  RETLW  00
02D5:  RETLW  23
02D6:  RETLW  FF
02D7:  RETLW  FF
02D8:  RETLW  BB
02D9:  RETLW  90
02DA:  RETLW  00
02DB:  RETLW  00
02DC:  RETLW  00
02DD:  RETLW  00
02DE:  RETLW  00
02DF:  RETLW  07
02E0:  RETLW  FF
02E1:  RETLW  80
02E2:  RETLW  00
02E3:  RETLW  05
02E4:  RETLW  00
02E5:  RETLW  0F
02E6:  RETLW  FF
02E7:  RETLW  FC
02E8:  RETLW  ED
02E9:  RETLW  40
02EA:  RETLW  00
02EB:  RETLW  00
02EC:  RETLW  00
02ED:  RETLW  00
02EE:  RETLW  00
02EF:  RETLW  01
02F0:  RETLW  FF
02F1:  RETLW  E0
02F2:  RETLW  00
02F3:  RETLW  00
02F4:  RETLW  01
02F5:  RETLW  23
02F6:  RETLW  FF
02F7:  RETLW  FE
02F8:  RETLW  D1
02F9:  RETLW  28
02FA:  RETLW  00
02FB:  RETLW  00
02FC:  RETLW  00
02FD:  RETLW  00
02FE:  RETLW  00
02FF:  RETLW  03
0300:  RETLW  FF
0301:  RETLW  E0
0302:  RETLW  00
0303:  RETLW  40
0304:  RETLW  00
0305:  RETLW  4F
0306:  RETLW  FF
0307:  RETLW  FD
0308:  RETLW  A4
0309:  RETLW  40
030A:  RETLW  00
030B:  RETLW  00
030C:  RETLW  00
030D:  RETLW  00
030E:  RETLW  00
030F:  RETLW  03
0310:  RETLW  FF
0311:  RETLW  F0
0312:  RETLW  00
0313:  RETLW  10
0314:  RETLW  04
0315:  RETLW  27
0316:  RETLW  FF
0317:  RETLW  FE
0318:  RETLW  AA
0319:  RETLW  00
031A:  RETLW  00
031B:  RETLW  00
031C:  RETLW  00
031D:  RETLW  00
031E:  RETLW  00
031F:  RETLW  01
0320:  RETLW  FF
0321:  RETLW  F8
0322:  RETLW  00
0323:  RETLW  40
0324:  RETLW  29
0325:  RETLW  0F
0326:  RETLW  FF
0327:  RETLW  FF
0328:  RETLW  40
0329:  RETLW  00
032A:  RETLW  00
032B:  RETLW  00
032C:  RETLW  00
032D:  RETLW  00
032E:  RETLW  00
032F:  RETLW  01
0330:  RETLW  FF
0331:  RETLW  FC
0332:  RETLW  00
0333:  RETLW  02
0334:  RETLW  A0
0335:  RETLW  5F
0336:  RETLW  FF
0337:  RETLW  F6
0338:  RETLW  94
0339:  RETLW  80
033A:  RETLW  00
033B:  RETLW  00
033C:  RETLW  00
033D:  RETLW  00
033E:  RETLW  00
033F:  RETLW  00
0340:  RETLW  FF
0341:  RETLW  FE
0342:  RETLW  00
0343:  RETLW  1F
0344:  RETLW  8A
0345:  RETLW  AF
0346:  RETLW  FF
0347:  RETLW  FF
0348:  RETLW  20
0349:  RETLW  00
034A:  RETLW  00
034B:  RETLW  00
034C:  RETLW  00
034D:  RETLW  00
034E:  RETLW  00
034F:  RETLW  00
0350:  RETLW  FF
0351:  RETLW  FF
0352:  RETLW  00
0353:  RETLW  57
0354:  RETLW  20
0355:  RETLW  13
0356:  RETLW  FF
0357:  RETLW  E9
0358:  RETLW  82
0359:  RETLW  00
035A:  RETLW  00
035B:  RETLW  00
035C:  RETLW  00
035D:  RETLW  00
035E:  RETLW  00
035F:  RETLW  00
0360:  RETLW  FF
0361:  RETLW  FF
0362:  RETLW  83
0363:  RETLW  F8
0364:  RETLW  4A
0365:  RETLW  FD
0366:  RETLW  FF
0367:  RETLW  FA
0368:  RETLW  C8
0369:  RETLW  00
036A:  RETLW  00
036B:  RETLW  00
036C:  RETLW  00
036D:  RETLW  00
036E:  RETLW  00
036F:  RETLW  00
0370:  RETLW  FF
0371:  RETLW  FF
0372:  RETLW  E0
0373:  RETLW  03
0374:  RETLW  A0
0375:  RETLW  62
0376:  RETLW  7F
0377:  RETLW  E8
0378:  RETLW  60
0379:  RETLW  00
037A:  RETLW  00
037B:  RETLW  00
037C:  RETLW  00
037D:  RETLW  00
037E:  RETLW  00
037F:  RETLW  00
0380:  RETLW  FF
0381:  RETLW  FF
0382:  RETLW  F0
0383:  RETLW  AD
0384:  RETLW  42
0385:  RETLW  D5
0386:  RETLW  AF
0387:  RETLW  F2
0388:  RETLW  B0
0389:  RETLW  00
038A:  RETLW  00
038B:  RETLW  00
038C:  RETLW  00
038D:  RETLW  00
038E:  RETLW  00
038F:  RETLW  00
0390:  RETLW  7F
0391:  RETLW  FF
0392:  RETLW  FC
0393:  RETLW  12
0394:  RETLW  20
0395:  RETLW  EA
0396:  RETLW  2B
0397:  RETLW  E8
0398:  RETLW  0A
0399:  RETLW  00
039A:  RETLW  00
039B:  RETLW  00
039C:  RETLW  00
039D:  RETLW  00
039E:  RETLW  00
039F:  RETLW  00
03A0:  RETLW  7F
03A1:  RETLW  FF
03A2:  RETLW  FE
03A3:  RETLW  04
03A4:  RETLW  85
03A5:  RETLW  D5
03A6:  RETLW  D7
03A7:  RETLW  E4
03A8:  RETLW  84
03A9:  RETLW  00
03AA:  RETLW  00
03AB:  RETLW  00
03AC:  RETLW  00
03AD:  RETLW  00
03AE:  RETLW  00
03AF:  RETLW  00
03B0:  RETLW  3F
03B1:  RETLW  FF
03B2:  RETLW  FF
03B3:  RETLW  80
03B4:  RETLW  03
03B5:  RETLW  AA
03B6:  RETLW  2F
03B7:  RETLW  F2
03B8:  RETLW  20
03B9:  RETLW  00
03BA:  RETLW  00
03BB:  RETLW  00
03BC:  RETLW  00
03BD:  RETLW  00
03BE:  RETLW  00
03BF:  RETLW  00
03C0:  RETLW  3F
03C1:  RETLW  FF
03C2:  RETLW  FF
03C3:  RETLW  E1
03C4:  RETLW  5E
03C5:  RETLW  D5
03C6:  RETLW  DB
03C7:  RETLW  F4
03C8:  RETLW  00
03C9:  RETLW  00
03CA:  RETLW  00
03CB:  RETLW  00
03CC:  RETLW  00
03CD:  RETLW  00
03CE:  RETLW  00
03CF:  RETLW  00
03D0:  RETLW  3F
03D1:  RETLW  FF
03D2:  RETLW  FF
03D3:  RETLW  F4
03D4:  RETLW  25
03D5:  RETLW  2A
03D6:  RETLW  57
03D7:  RETLW  F0
03D8:  RETLW  88
03D9:  RETLW  00
03DA:  RETLW  00
03DB:  RETLW  00
03DC:  RETLW  00
03DD:  RETLW  00
03DE:  RETLW  00
03DF:  RETLW  00
03E0:  RETLW  3F
03E1:  RETLW  FF
03E2:  RETLW  FF
03E3:  RETLW  FF
03E4:  RETLW  FE
03E5:  RETLW  FD
03E6:  RETLW  AF
03E7:  RETLW  E4
03E8:  RETLW  00
03E9:  RETLW  00
03EA:  RETLW  00
03EB:  RETLW  00
03EC:  RETLW  00
03ED:  RETLW  00
03EE:  RETLW  00
03EF:  RETLW  00
03F0:  RETLW  1F
03F1:  RETLW  FF
03F2:  RETLW  FF
03F3:  RETLW  FF
03F4:  RETLW  CB
03F5:  RETLW  8A
03F6:  RETLW  DF
03F7:  RETLW  F1
03F8:  RETLW  00
03F9:  RETLW  00
03FA:  RETLW  00
03FB:  RETLW  00
03FC:  RETLW  00
03FD:  RETLW  00
03FE:  RETLW  00
03FF:  RETLW  00
0400:  RETLW  1F
0401:  RETLW  FF
0402:  RETLW  FF
0403:  RETLW  FF
0404:  RETLW  1F
0405:  RETLW  7D
0406:  RETLW  6F
0407:  RETLW  E4
0408:  RETLW  10
0409:  RETLW  00
040A:  RETLW  00
040B:  RETLW  20
040C:  RETLW  00
*
043E:  CLRF   77
043F:  CLRF   78
0440:  MOVF   40,W
0441:  BCF    03.0
0442:  BTFSC  41.0
0443:  ADDWF  77,F
0444:  RRF    77,F
0445:  RRF    78,F
0446:  BTFSC  41.1
0447:  ADDWF  77,F
0448:  RRF    77,F
0449:  RRF    78,F
044A:  BTFSC  41.2
044B:  ADDWF  77,F
044C:  RRF    77,F
044D:  RRF    78,F
044E:  BTFSC  41.3
044F:  ADDWF  77,F
0450:  RRF    77,F
0451:  RRF    78,F
0452:  BTFSC  41.4
0453:  ADDWF  77,F
0454:  RRF    77,F
0455:  RRF    78,F
0456:  BTFSC  41.5
0457:  ADDWF  77,F
0458:  RRF    77,F
0459:  RRF    78,F
045A:  BTFSC  41.6
045B:  ADDWF  77,F
045C:  RRF    77,F
045D:  RRF    78,F
045E:  BTFSC  41.7
045F:  ADDWF  77,F
0460:  RRF    77,F
0461:  RRF    78,F
0462:  RETURN
*
0800:  MOVWF  7B
0801:  MOVLW  08
0802:  ADDWF  7A,W
0803:  MOVWF  0A
0804:  MOVF   7B,W
0805:  ADDLW  09
0806:  BTFSC  03.0
0807:  INCF   0A,F
0808:  MOVWF  02
0809:  RETLW  00
080A:  RETLW  00
080B:  RETLW  00
080C:  RETLW  00
080D:  RETLW  00
080E:  RETLW  00
080F:  RETLW  00
0810:  RETLW  00
0811:  RETLW  00
0812:  RETLW  00
0813:  RETLW  00
0814:  RETLW  00
0815:  RETLW  01
0816:  RETLW  FF
0817:  RETLW  FF
0818:  RETLW  FF
0819:  RETLW  00
081A:  RETLW  00
081B:  RETLW  00
081C:  RETLW  00
081D:  RETLW  00
081E:  RETLW  00
081F:  RETLW  00
0820:  RETLW  00
0821:  RETLW  00
0822:  RETLW  1F
0823:  RETLW  00
0824:  RETLW  00
0825:  RETLW  01
0826:  RETLW  C0
0827:  RETLW  00
0828:  RETLW  00
0829:  RETLW  3F
082A:  RETLW  3E
082B:  RETLW  73
082C:  RETLW  FF
082D:  RETLW  0C
082E:  RETLW  7E
082F:  RETLW  00
0830:  RETLW  00
0831:  RETLW  00
0832:  RETLW  3F
0833:  RETLW  FC
0834:  RETLW  00
0835:  RETLW  00
0836:  RETLW  00
0837:  RETLW  00
0838:  RETLW  00
0839:  RETLW  3F
083A:  RETLW  FF
083B:  RETLW  7B
083C:  RETLW  FF
083D:  RETLW  9C
083E:  RETLW  FE
083F:  RETLW  00
0840:  RETLW  00
0841:  RETLW  00
0842:  RETLW  00
0843:  RETLW  00
0844:  RETLW  01
0845:  RETLW  FF
0846:  RETLW  00
0847:  RETLW  00
0848:  RETLW  00
0849:  RETLW  33
084A:  RETLW  FF
084B:  RETLW  FB
084C:  RETLW  BF
084D:  RETLW  BE
084E:  RETLW  FE
084F:  RETLW  00
0850:  RETLW  00
0851:  RETLW  00
0852:  RETLW  00
0853:  RETLW  00
0854:  RETLW  0F
0855:  RETLW  FF
0856:  RETLW  F0
0857:  RETLW  00
0858:  RETLW  00
0859:  RETLW  3F
085A:  RETLW  F1
085B:  RETLW  FF
085C:  RETLW  99
085D:  RETLW  F7
085E:  RETLW  E0
085F:  RETLW  03
0860:  RETLW  FF
0861:  RETLW  FF
0862:  RETLW  FF
0863:  RETLW  E0
0864:  RETLW  3F
0865:  RETLW  FF
0866:  RETLW  FC
0867:  RETLW  00
0868:  RETLW  00
0869:  RETLW  3F
086A:  RETLW  FF
086B:  RETLW  F7
086C:  RETLW  99
086D:  RETLW  FF
086E:  RETLW  FC
086F:  RETLW  0F
0870:  RETLW  FF
0871:  RETLW  FF
0872:  RETLW  FF
0873:  RETLW  F8
0874:  RETLW  73
0875:  RETLW  FF
0876:  RETLW  FE
0877:  RETLW  00
0878:  RETLW  00
0879:  RETLW  3F
087A:  RETLW  3F
087B:  RETLW  F7
087C:  RETLW  99
087D:  RETLW  FF
087E:  RETLW  FE
087F:  RETLW  1F
0880:  RETLW  FF
0881:  RETLW  FE
0882:  RETLW  33
0883:  RETLW  F8
0884:  RETLW  C1
0885:  RETLW  FF
0886:  RETLW  FF
0887:  RETLW  00
0888:  RETLW  00
0889:  RETLW  10
088A:  RETLW  1F
088B:  RETLW  33
088C:  RETLW  88
088D:  RETLW  E0
088E:  RETLW  FE
088F:  RETLW  7E
0890:  RETLW  7F
0891:  RETLW  FF
0892:  RETLW  F3
0893:  RETLW  F1
0894:  RETLW  D1
0895:  RETLW  FF
0896:  RETLW  FF
0897:  RETLW  80
0898:  RETLW  7C
0899:  RETLW  00
089A:  RETLW  00
089B:  RETLW  00
089C:  RETLW  00
089D:  RETLW  00
089E:  RETLW  01
089F:  RETLW  FC
08A0:  RETLW  7F
08A1:  RETLW  C7
08A2:  RETLW  F7
08A3:  RETLW  E3
08A4:  RETLW  FF
08A5:  RETLW  FF
08A6:  RETLW  FF
08A7:  RETLW  80
08A8:  RETLW  46
08A9:  RETLW  00
08AA:  RETLW  00
08AB:  RETLW  00
08AC:  RETLW  00
08AD:  RETLW  00
08AE:  RETLW  03
08AF:  RETLW  F0
08B0:  RETLW  7F
08B1:  RETLW  83
08B2:  RETLW  FF
08B3:  RETLW  C3
08B4:  RETLW  FF
08B5:  RETLW  FF
08B6:  RETLW  FF
08B7:  RETLW  C0
08B8:  RETLW  D7
08B9:  RETLW  00
08BA:  RETLW  00
08BB:  RETLW  00
08BC:  RETLW  00
08BD:  RETLW  00
08BE:  RETLW  0F
08BF:  RETLW  C0
08C0:  RETLW  7F
08C1:  RETLW  83
08C2:  RETLW  FF
08C3:  RETLW  C7
08C4:  RETLW  FF
08C5:  RETLW  FF
08C6:  RETLW  FF
08C7:  RETLW  E0
08C8:  RETLW  1E
08C9:  RETLW  00
08CA:  RETLW  00
08CB:  RETLW  00
08CC:  RETLW  00
08CD:  RETLW  00
08CE:  RETLW  1F
08CF:  RETLW  81
08D0:  RETLW  3F
08D1:  RETLW  9F
08D2:  RETLW  FF
08D3:  RETLW  8F
08D4:  RETLW  FF
08D5:  RETLW  FF
08D6:  RETLW  FF
08D7:  RETLW  E0
08D8:  RETLW  1E
08D9:  RETLW  00
08DA:  RETLW  00
08DB:  RETLW  00
08DC:  RETLW  00
08DD:  RETLW  00
08DE:  RETLW  3E
08DF:  RETLW  01
08E0:  RETLW  3F
08E1:  RETLW  FF
08E2:  RETLW  FF
08E3:  RETLW  0F
08E4:  RETLW  FF
08E5:  RETLW  FF
08E6:  RETLW  FF
08E7:  RETLW  80
08E8:  RETLW  1E
08E9:  RETLW  00
08EA:  RETLW  00
08EB:  RETLW  00
08EC:  RETLW  40
08ED:  RETLW  00
08EE:  RETLW  FC
08EF:  RETLW  03
08F0:  RETLW  FC
08F1:  RETLW  FF
08F2:  RETLW  FF
08F3:  RETLW  1F
08F4:  RETLW  FF
08F5:  RETLW  FF
08F6:  RETLW  F8
08F7:  RETLW  00
08F8:  RETLW  0E
08F9:  RETLW  00
08FA:  RETLW  0F
08FB:  RETLW  EC
08FC:  RETLW  C0
08FD:  RETLW  01
08FE:  RETLW  F9
08FF:  RETLW  CF
0900:  RETLW  FD
0901:  RETLW  FF
0902:  RETLW  FE
0903:  RETLW  1F
0904:  RETLW  FF
0905:  RETLW  FF
0906:  RETLW  C0
0907:  RETLW  00
0908:  RETLW  0E
0909:  RETLW  3F
090A:  RETLW  FF
090B:  RETLW  FF
090C:  RETLW  F0
090D:  RETLW  07
090E:  RETLW  FF
090F:  RETLW  FF
0910:  RETLW  FD
0911:  RETLW  FF
0912:  RETLW  FC
0913:  RETLW  1E
0914:  RETLW  7F
0915:  RETLW  7E
0916:  RETLW  00
0917:  RETLW  00
0918:  RETLW  0E
0919:  RETLW  FF
091A:  RETLW  FF
091B:  RETLW  FF
091C:  RETLW  F6
091D:  RETLW  07
091E:  RETLW  FF
091F:  RETLW  FF
0920:  RETLW  FD
0921:  RETLW  FF
0922:  RETLW  FC
0923:  RETLW  38
0924:  RETLW  03
0925:  RETLW  70
0926:  RETLW  00
0927:  RETLW  00
0928:  RETLW  0F
0929:  RETLW  FF
092A:  RETLW  FF
092B:  RETLW  FF
092C:  RETLW  F6
092D:  RETLW  00
092E:  RETLW  0F
092F:  RETLW  FF
0930:  RETLW  FF
0931:  RETLW  FF
0932:  RETLW  F8
0933:  RETLW  38
0934:  RETLW  03
0935:  RETLW  00
0936:  RETLW  00
0937:  RETLW  00
0938:  RETLW  0E
0939:  RETLW  FF
093A:  RETLW  FF
093B:  RETLW  FF
093C:  RETLW  F0
093D:  RETLW  00
093E:  RETLW  00
093F:  RETLW  01
0940:  RETLW  FF
0941:  RETLW  FF
0942:  RETLW  E0
0943:  RETLW  38
0944:  RETLW  00
0945:  RETLW  00
0946:  RETLW  00
0947:  RETLW  00
0948:  RETLW  0E
0949:  RETLW  FF
094A:  RETLW  FF
094B:  RETLW  FF
094C:  RETLW  C0
094D:  RETLW  00
094E:  RETLW  00
094F:  RETLW  00
0950:  RETLW  00
0951:  RETLW  00
0952:  RETLW  00
0953:  RETLW  30
0954:  RETLW  04
0955:  RETLW  00
0956:  RETLW  00
0957:  RETLW  00
0958:  RETLW  0E
0959:  RETLW  FF
095A:  RETLW  FF
095B:  RETLW  FE
095C:  RETLW  00
095D:  RETLW  00
095E:  RETLW  00
095F:  RETLW  00
0960:  RETLW  00
0961:  RETLW  00
0962:  RETLW  00
0963:  RETLW  38
0964:  RETLW  60
0965:  RETLW  00
0966:  RETLW  00
0967:  RETLW  00
0968:  RETLW  0F
0969:  RETLW  FF
096A:  RETLW  FF
096B:  RETLW  F0
096C:  RETLW  00
096D:  RETLW  00
096E:  RETLW  00
096F:  RETLW  00
0970:  RETLW  00
0971:  RETLW  00
0972:  RETLW  00
0973:  RETLW  20
0974:  RETLW  00
0975:  RETLW  00
0976:  RETLW  00
0977:  RETLW  00
0978:  RETLW  01
0979:  RETLW  FF
097A:  RETLW  FF
097B:  RETLW  C0
097C:  RETLW  00
097D:  RETLW  00
097E:  RETLW  00
097F:  RETLW  00
0980:  RETLW  00
0981:  RETLW  00
0982:  RETLW  00
0983:  RETLW  00
0984:  RETLW  00
0985:  RETLW  00
0986:  RETLW  00
0987:  RETLW  03
0988:  RETLW  80
0989:  RETLW  FF
098A:  RETLW  FF
098B:  RETLW  00
098C:  RETLW  00
098D:  RETLW  00
098E:  RETLW  00
098F:  RETLW  00
0990:  RETLW  00
0991:  RETLW  00
0992:  RETLW  00
0993:  RETLW  00
0994:  RETLW  00
0995:  RETLW  00
0996:  RETLW  00
0997:  RETLW  07
0998:  RETLW  C0
0999:  RETLW  FF
099A:  RETLW  FC
099B:  RETLW  00
099C:  RETLW  00
099D:  RETLW  00
099E:  RETLW  00
099F:  RETLW  00
09A0:  RETLW  00
09A1:  RETLW  00
09A2:  RETLW  00
09A3:  RETLW  00
09A4:  RETLW  00
09A5:  RETLW  00
09A6:  RETLW  00
09A7:  RETLW  0F
09A8:  RETLW  C0
09A9:  RETLW  FF
09AA:  RETLW  F0
09AB:  RETLW  00
09AC:  RETLW  00
09AD:  RETLW  00
09AE:  RETLW  00
09AF:  RETLW  00
09B0:  RETLW  00
09B1:  RETLW  00
09B2:  RETLW  00
09B3:  RETLW  00
09B4:  RETLW  00
09B5:  RETLW  00
09B6:  RETLW  00
09B7:  RETLW  0F
09B8:  RETLW  C0
09B9:  RETLW  FF
09BA:  RETLW  E0
09BB:  RETLW  00
09BC:  RETLW  00
09BD:  RETLW  00
09BE:  RETLW  00
09BF:  RETLW  00
09C0:  RETLW  00
09C1:  RETLW  00
09C2:  RETLW  00
09C3:  RETLW  00
09C4:  RETLW  00
09C5:  RETLW  00
09C6:  RETLW  00
09C7:  RETLW  1D
09C8:  RETLW  C0
09C9:  RETLW  FF
09CA:  RETLW  C0
09CB:  RETLW  00
09CC:  RETLW  00
09CD:  RETLW  00
09CE:  RETLW  00
09CF:  RETLW  00
09D0:  RETLW  00
09D1:  RETLW  00
09D2:  RETLW  00
09D3:  RETLW  00
09D4:  RETLW  00
09D5:  RETLW  00
09D6:  RETLW  00
09D7:  RETLW  1D
09D8:  RETLW  90
09D9:  RETLW  FF
09DA:  RETLW  C0
09DB:  RETLW  00
09DC:  RETLW  00
09DD:  RETLW  00
09DE:  RETLW  00
09DF:  RETLW  00
09E0:  RETLW  00
09E1:  RETLW  00
09E2:  RETLW  00
09E3:  RETLW  00
09E4:  RETLW  00
09E5:  RETLW  00
09E6:  RETLW  00
09E7:  RETLW  1D
09E8:  RETLW  90
09E9:  RETLW  FF
09EA:  RETLW  C0
09EB:  RETLW  00
09EC:  RETLW  00
09ED:  RETLW  00
09EE:  RETLW  00
09EF:  RETLW  00
09F0:  RETLW  00
09F1:  RETLW  00
09F2:  RETLW  00
09F3:  RETLW  00
09F4:  RETLW  00
09F5:  RETLW  00
09F6:  RETLW  00
09F7:  RETLW  3F
09F8:  RETLW  B0
09F9:  RETLW  FF
09FA:  RETLW  E0
09FB:  RETLW  00
09FC:  RETLW  00
09FD:  RETLW  00
09FE:  RETLW  00
09FF:  RETLW  00
0A00:  RETLW  00
0A01:  RETLW  00
0A02:  RETLW  00
0A03:  RETLW  00
0A04:  RETLW  00
0A05:  RETLW  00
0A06:  RETLW  00
0A07:  RETLW  3F
0A08:  RETLW  E0
0A09:  RETLW  FF
0A0A:  RETLW  E0
0A0B:  RETLW  00
0A0C:  RETLW  00
0A0D:  RETLW  00
0A0E:  RETLW  00
0A0F:  RETLW  00
0A10:  RETLW  00
0A11:  RETLW  00
0A12:  RETLW  00
0A13:  RETLW  00
0A14:  RETLW  00
0A15:  RETLW  00
0A16:  RETLW  00
0A17:  RETLW  3F
0A18:  RETLW  E0
0A19:  RETLW  FF
0A1A:  RETLW  F0
0A1B:  RETLW  00
0A1C:  RETLW  00
0A1D:  RETLW  00
0A1E:  RETLW  00
0A1F:  RETLW  00
0A20:  RETLW  00
0A21:  RETLW  00
0A22:  RETLW  02
0A23:  RETLW  00
0A24:  RETLW  00
0A25:  RETLW  00
0A26:  RETLW  00
0A27:  RETLW  3F
0A28:  RETLW  E0
0A29:  RETLW  FF
0A2A:  RETLW  FE
0A2B:  RETLW  00
0A2C:  RETLW  00
0A2D:  RETLW  00
0A2E:  RETLW  00
0A2F:  RETLW  00
0A30:  RETLW  00
0A31:  RETLW  00
0A32:  RETLW  00
0A33:  RETLW  00
0A34:  RETLW  00
0A35:  RETLW  00
0A36:  RETLW  00
0A37:  RETLW  7F
0A38:  RETLW  C0
0A39:  RETLW  FF
0A3A:  RETLW  FE
0A3B:  RETLW  00
0A3C:  RETLW  00
0A3D:  RETLW  00
0A3E:  RETLW  3F
0A3F:  RETLW  80
0A40:  RETLW  00
0A41:  RETLW  1F
0A42:  RETLW  80
0A43:  RETLW  00
0A44:  RETLW  00
0A45:  RETLW  00
0A46:  RETLW  00
0A47:  RETLW  7B
0A48:  RETLW  80
0A49:  RETLW  FE
0A4A:  RETLW  FE
0A4B:  RETLW  3F
0A4C:  RETLW  F8
0A4D:  RETLW  3D
0A4E:  RETLW  FF
0A4F:  RETLW  00
0A50:  RETLW  00
0A51:  RETLW  7F
0A52:  RETLW  C0
0A53:  RETLW  00
0A54:  RETLW  00
0A55:  RETLW  00
0A56:  RETLW  00
0A57:  RETLW  7B
0A58:  RETLW  80
0A59:  RETLW  FC
0A5A:  RETLW  7F
0A5B:  RETLW  7F
0A5C:  RETLW  F8
0A5D:  RETLW  7E
0A5E:  RETLW  F8
0A5F:  RETLW  00
0A60:  RETLW  00
0A61:  RETLW  FF
0A62:  RETLW  E0
0A63:  RETLW  00
0A64:  RETLW  00
0A65:  RETLW  00
0A66:  RETLW  00
0A67:  RETLW  F3
0A68:  RETLW  80
0A69:  RETLW  FC
0A6A:  RETLW  7E
0A6B:  RETLW  7F
0A6C:  RETLW  F0
0A6D:  RETLW  FC
0A6E:  RETLW  E0
0A6F:  RETLW  00
0A70:  RETLW  01
0A71:  RETLW  FF
0A72:  RETLW  F0
0A73:  RETLW  00
0A74:  RETLW  00
0A75:  RETLW  00
0A76:  RETLW  01
0A77:  RETLW  F7
0A78:  RETLW  00
0A79:  RETLW  FC
0A7A:  RETLW  7C
0A7B:  RETLW  7F
0A7C:  RETLW  E1
0A7D:  RETLW  F4
0A7E:  RETLW  F0
0A7F:  RETLW  00
0A80:  RETLW  03
0A81:  RETLW  7F
0A82:  RETLW  F0
0A83:  RETLW  00
0A84:  RETLW  00
0A85:  RETLW  00
0A86:  RETLW  07
0A87:  RETLW  FF
0A88:  RETLW  00
0A89:  RETLW  FE
0A8A:  RETLW  7C
0A8B:  RETLW  FF
0A8C:  RETLW  C1
0A8D:  RETLW  FF
0A8E:  RETLW  F8
0A8F:  RETLW  00
0A90:  RETLW  07
0A91:  RETLW  FF
0A92:  RETLW  F0
0A93:  RETLW  00
0A94:  RETLW  00
0A95:  RETLW  00
0A96:  RETLW  3F
0A97:  RETLW  FE
0A98:  RETLW  00
0A99:  RETLW  FF
0A9A:  RETLW  78
0A9B:  RETLW  FF
0A9C:  RETLW  C3
0A9D:  RETLW  FF
0A9E:  RETLW  80
0A9F:  RETLW  00
0AA0:  RETLW  07
0AA1:  RETLW  FF
0AA2:  RETLW  F0
0AA3:  RETLW  00
0AA4:  RETLW  00
0AA5:  RETLW  00
0AA6:  RETLW  F8
0AA7:  RETLW  F8
0AA8:  RETLW  00
0AA9:  RETLW  FF
0AAA:  RETLW  18
0AAB:  RETLW  FF
0AAC:  RETLW  80
0AAD:  RETLW  00
0AAE:  RETLW  00
0AAF:  RETLW  00
0AB0:  RETLW  07
0AB1:  RETLW  FC
0AB2:  RETLW  F8
0AB3:  RETLW  00
0AB4:  RETLW  00
0AB5:  RETLW  07
0AB6:  RETLW  E0
0AB7:  RETLW  00
0AB8:  RETLW  00
0AB9:  RETLW  FF
0ABA:  RETLW  81
0ABB:  RETLW  FF
0ABC:  RETLW  00
0ABD:  RETLW  00
0ABE:  RETLW  00
0ABF:  RETLW  00
0AC0:  RETLW  07
0AC1:  RETLW  F9
0AC2:  RETLW  F8
0AC3:  RETLW  00
0AC4:  RETLW  00
0AC5:  RETLW  1F
0AC6:  RETLW  80
0AC7:  RETLW  00
0AC8:  RETLW  00
0AC9:  RETLW  FF
0ACA:  RETLW  80
0ACB:  RETLW  00
0ACC:  RETLW  00
0ACD:  RETLW  00
0ACE:  RETLW  00
0ACF:  RETLW  00
0AD0:  RETLW  0F
0AD1:  RETLW  F1
0AD2:  RETLW  F8
0AD3:  RETLW  00
0AD4:  RETLW  00
0AD5:  RETLW  7E
0AD6:  RETLW  00
0AD7:  RETLW  00
0AD8:  RETLW  00
0AD9:  RETLW  FF
0ADA:  RETLW  F0
0ADB:  RETLW  00
0ADC:  RETLW  00
0ADD:  RETLW  00
0ADE:  RETLW  00
0ADF:  RETLW  00
0AE0:  RETLW  0F
0AE1:  RETLW  F3
0AE2:  RETLW  30
0AE3:  RETLW  00
0AE4:  RETLW  01
0AE5:  RETLW  F8
0AE6:  RETLW  00
0AE7:  RETLW  00
0AE8:  RETLW  00
0AE9:  RETLW  FF
0AEA:  RETLW  DF
0AEB:  RETLW  00
0AEC:  RETLW  00
0AED:  RETLW  00
0AEE:  RETLW  00
0AEF:  RETLW  00
0AF0:  RETLW  0E
0AF1:  RETLW  73
0AF2:  RETLW  70
0AF3:  RETLW  00
0AF4:  RETLW  07
0AF5:  RETLW  C0
0AF6:  RETLW  00
0AF7:  RETLW  00
0AF8:  RETLW  00
0AF9:  RETLW  FE
0AFA:  RETLW  C1
0AFB:  RETLW  E0
0AFC:  RETLW  00
0AFD:  RETLW  00
0AFE:  RETLW  00
0AFF:  RETLW  00
0B00:  RETLW  1E
0B01:  RETLW  67
0B02:  RETLW  F0
0B03:  RETLW  00
0B04:  RETLW  3F
0B05:  RETLW  00
0B06:  RETLW  00
0B07:  RETLW  00
0B08:  RETLW  00
0B09:  RETLW  FE
0B0A:  RETLW  C0
0B0B:  RETLW  60
0B0C:  RETLW  00
0B0D:  RETLW  00
0B0E:  RETLW  00
0B0F:  RETLW  00
0B10:  RETLW  1F
0B11:  RETLW  3F
0B12:  RETLW  30
0B13:  RETLW  00
0B14:  RETLW  FC
0B15:  RETLW  00
0B16:  RETLW  00
0B17:  RETLW  00
0B18:  RETLW  00
0B19:  RETLW  FE
0B1A:  RETLW  C0
0B1B:  RETLW  60
0B1C:  RETLW  00
0B1D:  RETLW  00
0B1E:  RETLW  00
0B1F:  RETLW  00
0B20:  RETLW  3F
0B21:  RETLW  F9
0B22:  RETLW  30
0B23:  RETLW  03
0B24:  RETLW  E0
0B25:  RETLW  00
0B26:  RETLW  00
0B27:  RETLW  00
0B28:  RETLW  00
0B29:  RETLW  C6
0B2A:  RETLW  E0
0B2B:  RETLW  60
0B2C:  RETLW  00
0B2D:  RETLW  00
0B2E:  RETLW  00
0B2F:  RETLW  00
0B30:  RETLW  3D
0B31:  RETLW  F0
0B32:  RETLW  30
0B33:  RETLW  1F
0B34:  RETLW  80
0B35:  RETLW  00
0B36:  RETLW  00
0B37:  RETLW  00
0B38:  RETLW  00
0B39:  RETLW  06
0B3A:  RETLW  70
0B3B:  RETLW  3F
0B3C:  RETLW  C0
0B3D:  RETLW  0F
0B3E:  RETLW  00
0B3F:  RETLW  00
0B40:  RETLW  7D
0B41:  RETLW  F3
0B42:  RETLW  E0
0B43:  RETLW  7E
0B44:  RETLW  00
0B45:  RETLW  00
0B46:  RETLW  00
0B47:  RETLW  00
0B48:  RETLW  00
0B49:  RETLW  07
0B4A:  RETLW  3E
0B4B:  RETLW  3F
0B4C:  RETLW  F0
0B4D:  RETLW  1F
0B4E:  RETLW  E0
0B4F:  RETLW  00
0B50:  RETLW  7F
0B51:  RETLW  F3
0B52:  RETLW  E3
0B53:  RETLW  F8
0B54:  RETLW  00
0B55:  RETLW  1F
0B56:  RETLW  FC
0B57:  RETLW  1F
0B58:  RETLW  FC
0B59:  RETLW  0F
0B5A:  RETLW  8F
0B5B:  RETLW  FF
0B5C:  RETLW  F8
0B5D:  RETLW  1F
0B5E:  RETLW  E0
0B5F:  RETLW  00
0B60:  RETLW  7F
0B61:  RETLW  BE
0B62:  RETLW  7F
0B63:  RETLW  C0
0B64:  RETLW  00
0B65:  RETLW  3F
0B66:  RETLW  FE
0B67:  RETLW  3F
0B68:  RETLW  FE
0B69:  RETLW  FF
0B6A:  RETLW  C3
0B6B:  RETLW  FF
0B6C:  RETLW  F8
0B6D:  RETLW  1E
0B6E:  RETLW  60
0B6F:  RETLW  00
0B70:  RETLW  FF
0B71:  RETLW  3C
0B72:  RETLW  7F
0B73:  RETLW  00
0B74:  RETLW  00
0B75:  RETLW  78
0B76:  RETLW  00
0B77:  RETLW  78
0B78:  RETLW  1E
0B79:  RETLW  FF
0B7A:  RETLW  E0
0B7B:  RETLW  3F
0B7C:  RETLW  F8
0B7D:  RETLW  0F
0B7E:  RETLW  E0
0B7F:  RETLW  00
0B80:  RETLW  FF
0B81:  RETLW  7C
0B82:  RETLW  F0
0B83:  RETLW  00
0B84:  RETLW  00
0B85:  RETLW  F0
0B86:  RETLW  00
0B87:  RETLW  78
0B88:  RETLW  1E
0B89:  RETLW  FF
0B8A:  RETLW  F8
0B8B:  RETLW  00
0B8C:  RETLW  F8
0B8D:  RETLW  0F
0B8E:  RETLW  C0
0B8F:  RETLW  00
0B90:  RETLW  FF
0B91:  RETLW  FC
0B92:  RETLW  E0
0B93:  RETLW  00
0B94:  RETLW  01
0B95:  RETLW  E0
0B96:  RETLW  00
0B97:  RETLW  3F
0B98:  RETLW  F8
0B99:  RETLW  FF
0B9A:  RETLW  FF
0B9B:  RETLW  80
0B9C:  RETLW  00
0B9D:  RETLW  00
0B9E:  RETLW  00
0B9F:  RETLW  00
0BA0:  RETLW  FF
0BA1:  RETLW  FF
0BA2:  RETLW  C0
0BA3:  RETLW  00
0BA4:  RETLW  01
0BA5:  RETLW  E1
0BA6:  RETLW  FE
0BA7:  RETLW  7F
0BA8:  RETLW  F8
0BA9:  RETLW  FF
0BAA:  RETLW  FF
0BAB:  RETLW  FC
0BAC:  RETLW  00
0BAD:  RETLW  00
0BAE:  RETLW  00
0BAF:  RETLW  00
0BB0:  RETLW  FF
0BB1:  RETLW  F3
0BB2:  RETLW  C0
0BB3:  RETLW  00
0BB4:  RETLW  01
0BB5:  RETLW  E1
0BB6:  RETLW  FC
0BB7:  RETLW  FF
0BB8:  RETLW  FE
0BB9:  RETLW  FF
0BBA:  RETLW  FF
0BBB:  RETLW  FF
0BBC:  RETLW  F8
0BBD:  RETLW  00
0BBE:  RETLW  00
0BBF:  RETLW  01
0BC0:  RETLW  FF
0BC1:  RETLW  DF
0BC2:  RETLW  80
0BC3:  RETLW  00
0BC4:  RETLW  01
0BC5:  RETLW  E0
0BC6:  RETLW  3D
0BC7:  RETLW  E0
0BC8:  RETLW  3E
0BC9:  RETLW  FF
0BCA:  RETLW  FF
0BCB:  RETLW  FF
0BCC:  RETLW  FE
0BCD:  RETLW  00
0BCE:  RETLW  00
0BCF:  RETLW  7F
0BD0:  RETLW  FF
0BD1:  RETLW  FF
0BD2:  RETLW  00
0BD3:  RETLW  00
0BD4:  RETLW  01
0BD5:  RETLW  F0
0BD6:  RETLW  3D
0BD7:  RETLW  E0
0BD8:  RETLW  3E
0BD9:  RETLW  FF
0BDA:  RETLW  FF
0BDB:  RETLW  FF
0BDC:  RETLW  FF
0BDD:  RETLW  FF
0BDE:  RETLW  FF
0BDF:  RETLW  FF
0BE0:  RETLW  FF
0BE1:  RETLW  FC
0BE2:  RETLW  00
0BE3:  RETLW  00
0BE4:  RETLW  00
0BE5:  RETLW  FF
0BE6:  RETLW  FC
0BE7:  RETLW  FF
0BE8:  RETLW  FC
0BE9:  RETLW  FF
0BEA:  RETLW  FF
0BEB:  RETLW  FF
0BEC:  RETLW  FF
0BED:  RETLW  FF
0BEE:  RETLW  FF
0BEF:  RETLW  FF
0BF0:  RETLW  FF
0BF1:  RETLW  F0
0BF2:  RETLW  00
0BF3:  RETLW  00
0BF4:  RETLW  00
0BF5:  RETLW  3F
0BF6:  RETLW  F8
0BF7:  RETLW  7F
0BF8:  RETLW  E0
0BF9:  RETLW  FF
0BFA:  RETLW  FF
0BFB:  RETLW  F8
0BFC:  RETLW  1F
0BFD:  RETLW  FF
0BFE:  RETLW  FF
0BFF:  RETLW  E0
0C00:  RETLW  0F
0C01:  RETLW  C0
0C02:  RETLW  00
0C03:  RETLW  00
0C04:  RETLW  00
0C05:  RETLW  00
0C06:  RETLW  00
0C07:  RETLW  00
0C08:  RETLW  00
....................  
.................... #list 
....................  
.................... #fuses HS,NOWDT,NOPROTECT,NOLVP 
.................... #use delay(clock=20000000) 
*
075C:  MOVLW  3D
075D:  MOVWF  04
075E:  BCF    03.7
075F:  MOVF   00,W
0760:  BTFSC  03.2
0761:  GOTO   76F
0762:  MOVLW  06
0763:  MOVWF  78
0764:  CLRF   77
0765:  DECFSZ 77,F
0766:  GOTO   765
0767:  DECFSZ 78,F
0768:  GOTO   764
0769:  MOVLW  7B
076A:  MOVWF  77
076B:  DECFSZ 77,F
076C:  GOTO   76B
076D:  DECFSZ 00,F
076E:  GOTO   762
076F:  RETURN
.................... #include <HDM64GS12.c> 
.................... ///////////////////////////////////////////////////////////////////////// 
.................... ////                           HDM64GS12.c                           //// 
.................... ////                                                                 //// 
.................... //// This file contains drivers for using a Hantronix HDM64GS12 with //// 
.................... //// a KS0108 display controller. The HDM64GS12 is 128 by 64 pixels. //// 
.................... //// The driver treats the upper left pixel as (0,0).                //// 
.................... ////                                                                 //// 
.................... //// Use #define FAST_GLCD if the target chip has at least 1k of RAM //// 
.................... //// to decrease the time it takes to update the display.            //// 
.................... //// glcd_update() must then be called to update the display after   //// 
.................... //// changing the pixel information.                                 //// 
.................... //// See ex_glcd.c for suggested usage.                              //// 
.................... //// See KS0108.c for controlling a single 64 by 64 display          //// 
.................... ///////////////////////////////////////////////////////////////////////// 
.................... ////                                                                 //// 
.................... //// LCD Pin connections:                                            //// 
.................... //// (These can be changed as needed in the following defines).      //// 
.................... ////  * 1: VSS is connected to GND                                   //// 
.................... ////  * 2: VDD is connected to +5V                                   //// 
.................... ////  * 3: V0  - LCD operating voltage (Constrast adjustment)        //// 
.................... ////  * 4: D/I - Data or Instruction is connected to B2              //// 
.................... ////  * 5: R/W - Read or Write is connected to B4                    //// 
.................... ////  * 6: Enable is connected to B5                                 //// 
.................... ////  *7-14: Data Bus 0 to 7 is connected to port d                  //// 
.................... ////  *15: Chip Select 1 is connected to B0                          //// 
.................... ////  *16: Chip Select 2 is connected to B1                          //// 
.................... ////  *17: Reset is connected to C0                                  //// 
.................... ////  *18: Negative voltage is also connected to the 20k Ohm POT     //// 
.................... ////  *19: Positive voltage for LED backlight is connected to +5V    //// 
.................... ////  *20: Negavtive voltage for LED backlight is connected to GND   //// 
.................... ////                                                                 //// 
.................... ///////////////////////////////////////////////////////////////////////// 
.................... ////                                                                 //// 
.................... ////  glcd_init(mode)                                                //// 
.................... ////     * Must be called before any other function.                 //// 
.................... ////       - mode can be ON or OFF to turn the LCD on or off         //// 
.................... ////                                                                 //// 
.................... ////  glcd_pixel(x,y,color)                                          //// 
.................... ////     * Sets the pixel to the given color.                        //// 
.................... ////       - color can be ON or OFF                                  //// 
.................... ////                                                                 //// 
.................... ////  glcd_fillScreen(color)                                         //// 
.................... ////     * Fills the entire LCD with the given color.                //// 
.................... ////       - color can be ON or OFF                                  //// 
.................... ////                                                                 //// 
.................... ////  glcd_update()                                                  //// 
.................... ////     * Write the display data stored in RAM to the LCD           //// 
.................... ////     * Only available if FAST_GLCD is defined                    //// 
.................... ////                                                                 //// 
.................... ///////////////////////////////////////////////////////////////////////// 
.................... ////        (C) Copyright 1996, 2004 Custom Computer Services        //// 
.................... //// This source code may only be used by licensed users of the CCS  //// 
.................... //// C compiler.  This source code may only be distributed to other  //// 
.................... //// licensed users of the CCS C compiler.  No other use,            //// 
.................... //// reproduction or distribution is permitted without written       //// 
.................... //// permission.  Derivative programs created using this software    //// 
.................... //// in object code form are not restricted in any way.              //// 
.................... ///////////////////////////////////////////////////////////////////////// 
....................  
....................  
....................  
.................... #ifndef HDM64GS12 
.................... #define HDM64GS12 
....................  
.................... #ifndef GLCD_WIDTH 
.................... #define GLCD_WIDTH   128 
.................... #endif 
....................  
.................... #ifndef GLCD_CS1 
.................... #define GLCD_CS1     PIN_B0   // Chip Selection 1 
.................... #endif 
....................  
.................... #ifndef GLCD_CS2 
.................... #define GLCD_CS2     PIN_B1   // Chip Selection 2 
.................... #endif 
....................  
.................... #ifndef GLCD_DI 
.................... #define GLCD_DI      PIN_B2   // Data or Instruction input 
.................... #endif 
....................  
.................... #ifndef GLCD_RW 
.................... #define GLCD_RW      PIN_B4   // Read/Write 
.................... #endif 
....................  
.................... #ifndef GLCD_E 
.................... #define GLCD_E       PIN_B5   // Enable 
.................... #endif 
....................  
.................... #ifndef GLCD_RST 
.................... #define GLCD_RST     PIN_C0   // Reset 
.................... #endif 
....................  
.................... #define GLCD_LEFT    0 
.................... #define GLCD_RIGHT   1 
....................  
.................... #ifndef ON 
.................... #define ON           1 
.................... #endif 
....................  
.................... #ifndef OFF 
.................... #define OFF          0 
.................... #endif 
....................  
.................... ///////////////////////////////////////////////////////////////////////// 
.................... // Function Prototypes 
.................... ///////////////////////////////////////////////////////////////////////// 
.................... void glcd_init(int1 mode); 
.................... void glcd_pixel(unsigned int8 x, unsigned int8 y, int1 color); 
.................... void glcd_fillScreen(int1 color); 
.................... void glcd_writeByte(int1 side, BYTE data); 
.................... BYTE glcd_readByte(int1 side); 
.................... void glcd_update(); 
.................... ///////////////////////////////////////////////////////////////////////// 
....................  
.................... #ifdef FAST_GLCD 
.................... struct 
.................... { 
....................    unsigned int8 left[512]; 
....................    unsigned int8 right[512]; 
.................... } displayData; 
.................... #endif 
....................  
....................  
.................... // Purpose:       Initialize the LCD. 
.................... //                Call before using any other LCD function. 
.................... // Inputs:        OFF - Turns the LCD off 
.................... //                ON  - Turns the LCD on 
.................... void glcd_init(int1 mode) 
.................... { 
....................    // Initialze some pins 
....................    output_high(GLCD_RST); 
*
0463:  BCF    20.0
0464:  MOVF   20,W
0465:  BSF    03.5
0466:  MOVWF  07
0467:  BCF    03.5
0468:  BSF    07.0
....................    output_low(GLCD_E); 
0469:  BSF    03.5
046A:  BCF    06.5
046B:  BCF    03.5
046C:  BCF    06.5
....................    output_low(GLCD_CS1); 
046D:  BSF    03.5
046E:  BCF    06.0
046F:  BCF    03.5
0470:  BCF    06.0
....................    output_low(GLCD_CS2); 
0471:  BSF    03.5
0472:  BCF    06.1
0473:  BCF    03.5
0474:  BCF    06.1
....................  
....................    output_low(GLCD_DI);                 // Set for instruction 
0475:  BSF    03.5
0476:  BCF    06.2
0477:  BCF    03.5
0478:  BCF    06.2
....................    glcd_writeByte(GLCD_LEFT,  0xC0);    // Specify first RAM line at the top 
0479:  CLRF   62
047A:  MOVLW  C0
047B:  MOVWF  63
047C:  CALL   40D
....................    glcd_writeByte(GLCD_RIGHT, 0xC0);    //   of the screen 
047D:  MOVLW  01
047E:  MOVWF  62
047F:  MOVLW  C0
0480:  MOVWF  63
0481:  CALL   40D
....................    glcd_writeByte(GLCD_LEFT,  0x40);    // Set the column address to 0 
0482:  CLRF   62
0483:  MOVLW  40
0484:  MOVWF  63
0485:  CALL   40D
....................    glcd_writeByte(GLCD_RIGHT, 0x40); 
0486:  MOVLW  01
0487:  MOVWF  62
0488:  MOVLW  40
0489:  MOVWF  63
048A:  CALL   40D
....................    glcd_writeByte(GLCD_LEFT,  0xB8);    // Set the page address to 0 
048B:  CLRF   62
048C:  MOVLW  B8
048D:  MOVWF  63
048E:  CALL   40D
....................    glcd_writeByte(GLCD_RIGHT, 0xB8); 
048F:  MOVLW  01
0490:  MOVWF  62
0491:  MOVLW  B8
0492:  MOVWF  63
0493:  CALL   40D
....................  
....................    if(mode == ON) 
0494:  DECFSZ 3C,W
0495:  GOTO   4A0
....................    { 
....................       glcd_writeByte(GLCD_LEFT,  0x3F); // Turn the display on 
0496:  CLRF   62
0497:  MOVLW  3F
0498:  MOVWF  63
0499:  CALL   40D
....................       glcd_writeByte(GLCD_RIGHT, 0x3F); 
049A:  MOVLW  01
049B:  MOVWF  62
049C:  MOVLW  3F
049D:  MOVWF  63
049E:  CALL   40D
....................    } 
049F:  GOTO   4A9
....................    else 
....................    { 
....................       glcd_writeByte(GLCD_LEFT,  0x3E); // Turn the display off 
04A0:  CLRF   62
04A1:  MOVLW  3E
04A2:  MOVWF  63
04A3:  CALL   40D
....................       glcd_writeByte(GLCD_RIGHT, 0x3E); 
04A4:  MOVLW  01
04A5:  MOVWF  62
04A6:  MOVLW  3E
04A7:  MOVWF  63
04A8:  CALL   40D
....................    } 
....................  
....................    glcd_fillScreen(OFF);                // Clear the display 
04A9:  CLRF   3D
....................  
....................    #ifdef FAST_GLCD 
*
04EF:  BCF    0A.3
04F0:  BCF    0A.4
04F1:  GOTO   7B0 (RETURN)
....................    glcd_update(); 
....................    #endif 
.................... } 
....................  
....................  
.................... // Purpose:    Update the LCD with data from the display arrays 
.................... #ifdef FAST_GLCD 
.................... void glcd_update() 
.................... { 
....................    unsigned int8 i, j; 
....................    unsigned int8 *p1, *p2; 
....................  
....................    p1 = displayData.left; 
....................    p2 = displayData.right; 
....................  
....................    // Loop through the vertical pages 
....................    for(i = 0; i < 8; ++i) 
....................    { 
....................       output_low(GLCD_DI);                      // Set for instruction 
....................       glcd_writeByte(GLCD_LEFT, 0x40);          // Set horizontal address to 0 
....................       glcd_writeByte(GLCD_RIGHT, 0x40); 
....................       glcd_writeByte(GLCD_LEFT, i | 0xB8);      // Set page address 
....................       glcd_writeByte(GLCD_RIGHT, i | 0xB8); 
....................       output_high(GLCD_DI);                     // Set for data 
....................  
....................       // Loop through the horizontal sections 
....................       for(j = 0; j < 64; ++j) 
....................       { 
....................          glcd_writeByte(GLCD_LEFT, *p1++);      // Turn pixels on or off 
....................          glcd_writeByte(GLCD_RIGHT, *p2++);     // Turn pixels on or off 
....................       } 
....................    } 
.................... } 
.................... #endif 
....................  
....................  
.................... // Purpose:    Turn a pixel on a graphic LCD on or off 
.................... // Inputs:     1) x - the x coordinate of the pixel 
.................... //             2) y - the y coordinate of the pixel 
.................... //             3) color - ON or OFF 
.................... void glcd_pixel(unsigned int8 x, unsigned int8 y, int1 color) 
.................... #ifdef FAST_GLCD 
*
0523:  BCF    5F.0
.................... { 
....................    unsigned int8* p; 
....................    unsigned int16 temp; 
....................    temp =  y/8; 
....................    temp *= 64; 
....................    temp += x; 
....................  
....................    if(x > 63) 
....................    { 
....................       p = displayData.right + temp - 64; 
....................    } 
....................    else 
....................    { 
....................       p = displayData.left + temp; 
....................    } 
....................  
....................    if(color) 
....................    { 
....................       bit_set(*p, y%8); 
....................    } 
....................    else 
....................    { 
....................       bit_clear(*p, y%8); 
....................    } 
.................... } 
.................... #else 
.................... { 
....................    BYTE data; 
....................    int1 side = GLCD_LEFT;  // Stores which chip to use on the LCD 
....................  
....................    if(x > 63)              // Check for first or second display area 
0524:  MOVF   5B,W
0525:  SUBLW  3F
0526:  BTFSC  03.0
0527:  GOTO   52B
....................    { 
....................       x -= 64; 
0528:  MOVLW  40
0529:  SUBWF  5B,F
....................       side = GLCD_RIGHT; 
052A:  BSF    5F.0
....................    } 
....................  
....................    output_low(GLCD_DI);                         // Set for instruction 
052B:  BSF    03.5
052C:  BCF    06.2
052D:  BCF    03.5
052E:  BCF    06.2
....................    bit_clear(x,7);                              // Clear the MSB. Part of an instruction code 
052F:  BCF    5B.7
....................    bit_set(x,6);                                // Set bit 6. Also part of an instruction code 
0530:  BSF    5B.6
....................    glcd_writeByte(side, x);                     // Set the horizontal address 
0531:  MOVLW  00
0532:  BTFSC  5F.0
0533:  MOVLW  01
0534:  MOVWF  60
0535:  MOVWF  62
0536:  MOVF   5B,W
0537:  MOVWF  63
0538:  CALL   40D
....................    glcd_writeByte(side, (y/8 & 0xBF) | 0xB8);   // Set the vertical page address 
0539:  MOVLW  00
053A:  BTFSC  5F.0
053B:  MOVLW  01
053C:  MOVWF  60
053D:  RRF    5C,W
053E:  MOVWF  77
053F:  RRF    77,F
0540:  RRF    77,F
0541:  MOVLW  1F
0542:  ANDWF  77,F
0543:  MOVF   77,W
0544:  ANDLW  BF
0545:  IORLW  B8
0546:  MOVWF  61
0547:  MOVF   60,W
0548:  MOVWF  62
0549:  MOVF   61,W
054A:  MOVWF  63
054B:  CALL   40D
....................    output_high(GLCD_DI);                        // Set for data 
054C:  BSF    03.5
054D:  BCF    06.2
054E:  BCF    03.5
054F:  BSF    06.2
....................    glcd_readByte(side);                         // Need two reads to get data 
0550:  MOVLW  00
0551:  BTFSC  5F.0
0552:  MOVLW  01
0553:  MOVWF  60
0554:  MOVWF  61
0555:  CALL   4F2
....................    data = glcd_readByte(side);                  //  at new address 
0556:  MOVLW  00
0557:  BTFSC  5F.0
0558:  MOVLW  01
0559:  MOVWF  60
055A:  MOVWF  61
055B:  CALL   4F2
055C:  MOVF   78,W
055D:  MOVWF  5E
....................  
....................    if(color == ON) 
055E:  DECFSZ 5D,W
055F:  GOTO   570
....................       bit_set(data, y%8);        // Turn the pixel on 
0560:  MOVF   5C,W
0561:  ANDLW  07
0562:  MOVWF  60
0563:  MOVLW  01
0564:  MOVWF  77
0565:  MOVF   60,W
0566:  MOVWF  78
0567:  BTFSC  03.2
0568:  GOTO   56D
0569:  BCF    03.0
056A:  RLF    77,F
056B:  DECFSZ 78,F
056C:  GOTO   569
056D:  MOVF   77,W
056E:  IORWF  5E,F
056F:  GOTO   580
....................    else                          // or 
....................       bit_clear(data, y%8);      // turn the pixel off 
0570:  MOVF   5C,W
0571:  ANDLW  07
0572:  MOVWF  60
0573:  MOVLW  01
0574:  MOVWF  77
0575:  MOVF   60,W
0576:  MOVWF  78
0577:  BTFSC  03.2
0578:  GOTO   57D
0579:  BCF    03.0
057A:  RLF    77,F
057B:  DECFSZ 78,F
057C:  GOTO   579
057D:  MOVF   77,W
057E:  XORLW  FF
057F:  ANDWF  5E,F
....................  
....................    output_low(GLCD_DI);          // Set for instruction 
0580:  BSF    03.5
0581:  BCF    06.2
0582:  BCF    03.5
0583:  BCF    06.2
....................    glcd_writeByte(side, x);      // Set the horizontal address 
0584:  MOVLW  00
0585:  BTFSC  5F.0
0586:  MOVLW  01
0587:  MOVWF  60
0588:  MOVWF  62
0589:  MOVF   5B,W
058A:  MOVWF  63
058B:  CALL   40D
....................    output_high(GLCD_DI);         // Set for data 
058C:  BSF    03.5
058D:  BCF    06.2
058E:  BCF    03.5
058F:  BSF    06.2
....................    glcd_writeByte(side, data);   // Write the pixel data 
0590:  MOVLW  00
0591:  BTFSC  5F.0
0592:  MOVLW  01
0593:  MOVWF  60
0594:  MOVWF  62
0595:  MOVF   5E,W
0596:  MOVWF  63
0597:  CALL   40D
0598:  RETURN
.................... } 
.................... #endif 
....................  
....................  
.................... // Purpose:    Fill the LCD screen with the passed in color 
.................... // Inputs:     ON  - turn all the pixels on 
.................... //             OFF - turn all the pixels off 
.................... void glcd_fillScreen(int1 color) 
.................... #ifdef FAST_GLCD 
.................... { 
....................    unsigned int8  data; 
....................    unsigned int8  *p1, *p2; 
....................    unsigned int16 i; 
....................  
....................    p1 = displayData.left; 
....................    p2 = displayData.right; 
....................    data = 0xFF * color; 
....................  
....................    for(i=0; i<512; ++i) 
....................    { 
....................    	*p1++ = data; 
....................    	*p2++ = data; 
....................    } 
.................... } 
.................... #else 
.................... { 
....................    unsigned int8 i, j; 
....................  
....................    // Loop through the vertical pages 
....................    for(i = 0; i < 8; ++i) 
*
04AA:  CLRF   3E
04AB:  MOVF   3E,W
04AC:  SUBLW  07
04AD:  BTFSS  03.0
04AE:  GOTO   4EF
....................    { 
....................       output_low(GLCD_DI);                      // Set for instruction 
04AF:  BSF    03.5
04B0:  BCF    06.2
04B1:  BCF    03.5
04B2:  BCF    06.2
....................       glcd_writeByte(GLCD_LEFT, 0b01000000);    // Set horizontal address to 0 
04B3:  CLRF   62
04B4:  MOVLW  40
04B5:  MOVWF  63
04B6:  CALL   40D
....................       glcd_writeByte(GLCD_RIGHT, 0b01000000); 
04B7:  MOVLW  01
04B8:  MOVWF  62
04B9:  MOVLW  40
04BA:  MOVWF  63
04BB:  CALL   40D
....................       glcd_writeByte(GLCD_LEFT, i | 0b10111000);// Set page address 
04BC:  MOVF   3E,W
04BD:  IORLW  B8
04BE:  MOVWF  40
04BF:  CLRF   62
04C0:  MOVF   40,W
04C1:  MOVWF  63
04C2:  CALL   40D
....................       glcd_writeByte(GLCD_RIGHT, i | 0b10111000); 
04C3:  MOVF   3E,W
04C4:  IORLW  B8
04C5:  MOVWF  40
04C6:  MOVLW  01
04C7:  MOVWF  62
04C8:  MOVF   40,W
04C9:  MOVWF  63
04CA:  CALL   40D
....................       output_high(GLCD_DI);                     // Set for data 
04CB:  BSF    03.5
04CC:  BCF    06.2
04CD:  BCF    03.5
04CE:  BSF    06.2
....................  
....................       // Loop through the horizontal sections 
....................       for(j = 0; j < 64; ++j) 
04CF:  CLRF   3F
04D0:  MOVF   3F,W
04D1:  SUBLW  3F
04D2:  BTFSS  03.0
04D3:  GOTO   4ED
....................       { 
....................          glcd_writeByte(GLCD_LEFT, 0xFF*color);  // Turn pixels on or off 
04D4:  MOVLW  FF
04D5:  MOVWF  40
04D6:  MOVF   3D,W
04D7:  MOVWF  41
04D8:  CALL   43E
04D9:  MOVF   78,W
04DA:  MOVWF  40
04DB:  CLRF   62
04DC:  MOVF   78,W
04DD:  MOVWF  63
04DE:  CALL   40D
....................          glcd_writeByte(GLCD_RIGHT, 0xFF*color); // Turn pixels on or off 
04DF:  MOVLW  FF
04E0:  MOVWF  40
04E1:  MOVF   3D,W
04E2:  MOVWF  41
04E3:  CALL   43E
04E4:  MOVF   78,W
04E5:  MOVWF  40
04E6:  MOVLW  01
04E7:  MOVWF  62
04E8:  MOVF   78,W
04E9:  MOVWF  63
04EA:  CALL   40D
04EB:  INCF   3F,F
04EC:  GOTO   4D0
....................       } 
04ED:  INCF   3E,F
04EE:  GOTO   4AB
....................    } 
.................... } 
.................... #endif 
....................  
....................  
.................... // Purpose:    Write a byte of data to the specified chip 
.................... // Inputs:     1) chipSelect - which chip to write the data to 
.................... //             2) data - the byte of data to write 
.................... void glcd_writeByte(int1 side, BYTE data) 
.................... { 
....................    set_tris_d(0x00); 
*
040D:  MOVLW  00
040E:  BSF    03.5
040F:  MOVWF  08
....................     
....................    output_low(GLCD_RW);       // Set for writing 
0410:  BCF    06.4
0411:  BCF    03.5
0412:  BCF    06.4
....................  
.................... 	 if(side)                   // Choose which side to write to 
0413:  MOVF   62,F
0414:  BTFSC  03.2
0415:  GOTO   41B
....................       output_high(GLCD_CS2); 
0416:  BSF    03.5
0417:  BCF    06.1
0418:  BCF    03.5
0419:  BSF    06.1
041A:  GOTO   41F
....................    else 
....................       output_high(GLCD_CS1); 
041B:  BSF    03.5
041C:  BCF    06.0
041D:  BCF    03.5
041E:  BSF    06.0
....................  
.................... 	 delay_us(1); 
041F:  GOTO   420
0420:  GOTO   421
0421:  NOP
....................  
....................    output_d(data);            // Put the data on the port 
0422:  BSF    03.5
0423:  CLRF   08
0424:  BCF    03.5
0425:  MOVF   63,W
0426:  MOVWF  08
....................    delay_us(1); 
0427:  GOTO   428
0428:  GOTO   429
0429:  NOP
....................    output_high(GLCD_E);       // Pulse the enable pin 
042A:  BSF    03.5
042B:  BCF    06.5
042C:  BCF    03.5
042D:  BSF    06.5
....................    delay_us(1); 
042E:  GOTO   42F
042F:  GOTO   430
0430:  NOP
....................    output_low(GLCD_E); 
0431:  BSF    03.5
0432:  BCF    06.5
0433:  BCF    03.5
0434:  BCF    06.5
....................  
....................    output_low(GLCD_CS1);      // Reset the chip select lines 
0435:  BSF    03.5
0436:  BCF    06.0
0437:  BCF    03.5
0438:  BCF    06.0
....................    output_low(GLCD_CS2); 
0439:  BSF    03.5
043A:  BCF    06.1
043B:  BCF    03.5
043C:  BCF    06.1
043D:  RETURN
.................... } 
....................  
....................  
.................... // Purpose:    Reads a byte of data from the specified chip 
.................... // Ouputs:     A byte of data read from the chip 
.................... BYTE glcd_readByte(int1 side) 
.................... { 
....................    BYTE data;                 // Stores the data read from the LCD 
....................  
....................    set_tris_d(0xFF);          // Set port d to input 
*
04F2:  MOVLW  FF
04F3:  BSF    03.5
04F4:  MOVWF  08
....................    output_high(GLCD_RW);      // Set for reading 
04F5:  BCF    06.4
04F6:  BCF    03.5
04F7:  BSF    06.4
....................  
....................    if(side)                   // Choose which side to write to 
04F8:  MOVF   61,F
04F9:  BTFSC  03.2
04FA:  GOTO   500
....................       output_high(GLCD_CS2); 
04FB:  BSF    03.5
04FC:  BCF    06.1
04FD:  BCF    03.5
04FE:  BSF    06.1
04FF:  GOTO   504
....................    else 
....................       output_high(GLCD_CS1); 
0500:  BSF    03.5
0501:  BCF    06.0
0502:  BCF    03.5
0503:  BSF    06.0
....................  
....................    delay_us(1); 
0504:  GOTO   505
0505:  GOTO   506
0506:  NOP
....................    output_high(GLCD_E);       // Pulse the enable pin 
0507:  BSF    03.5
0508:  BCF    06.5
0509:  BCF    03.5
050A:  BSF    06.5
....................    delay_us(1); 
050B:  GOTO   50C
050C:  GOTO   50D
050D:  NOP
....................    data = input_d();          // Get the data from the display's output register 
050E:  MOVLW  FF
050F:  BSF    03.5
0510:  MOVWF  08
0511:  BCF    03.5
0512:  MOVF   08,W
0513:  MOVWF  62
....................    output_low(GLCD_E); 
0514:  BSF    03.5
0515:  BCF    06.5
0516:  BCF    03.5
0517:  BCF    06.5
....................  
....................    output_low(GLCD_CS1);      // Reset the chip select lines 
0518:  BSF    03.5
0519:  BCF    06.0
051A:  BCF    03.5
051B:  BCF    06.0
....................    output_low(GLCD_CS2); 
051C:  BSF    03.5
051D:  BCF    06.1
051E:  BCF    03.5
051F:  BCF    06.1
....................    return data;               // Return the read data 
0520:  MOVF   62,W
0521:  MOVWF  78
0522:  RETURN
.................... } 
....................  
.................... #endif 
....................  
.................... #include <graphics.c> 
.................... ///////////////////////////////////////////////////////////////////////// 
.................... ////                          graphics.c                             //// 
.................... ////                                                                 //// 
.................... ////   This file contains functions to draw lines, rectangles, bars, //// 
.................... ////   circles and text to a display. A function which draws a       //// 
.................... ////   single pixel must be defined before calling the functions in  //// 
.................... ////   this file. Call it glcd_pixel(x, y, color) where x is the     //// 
.................... ////   horizontal coordinate, y is the vertical coordinate, and      //// 
.................... ////   color is 1 bit to turn the pixel on or off.                   //// 
.................... ////                                                                 //// 
.................... ////   * Note: (0, 0) is treated as the upper left corner            //// 
.................... ////                                                                 //// 
.................... ///////////////////////////////////////////////////////////////////////// 
.................... ////                                                                 //// 
.................... ////  glcd_line(x1, y1, x2, y2, color)                               //// 
.................... ////     * Draws a line from the first point to the second point     //// 
.................... ////       with the given color                                      //// 
.................... ////       - color can be ON or OFF                                  //// 
.................... ////                                                                 //// 
.................... ////  glcd_rect(x1, y1, x2, y2, fill, color)                         //// 
.................... ////     * Draws a rectangle with one corner at point (x1,y1) and    //// 
.................... ////       the other corner at point (x2,y2)                         //// 
.................... ////       - fill can be YES or NO                                   //// 
.................... ////       - color can be ON or OFF                                  //// 
.................... ////                                                                 //// 
.................... ////  glcd_bar(x1, y1, x2, y2, width, color)                         //// 
.................... ////     * Draws a bar (wide line) from the first point to the       //// 
.................... ////       second point                                              //// 
.................... ////       - width is the number of pixels wide                      //// 
.................... ////       - color is ON or OFF                                      //// 
.................... ////                                                                 //// 
.................... ////  glcd_circle(x, y, radius, fill, color)                         //// 
.................... ////     * Draws a circle with center at (x,y)                       //// 
.................... ////       - fill can be YES or NO                                   //// 
.................... ////       - color can be ON or OFF                                  //// 
.................... ////                                                                 //// 
.................... ////  glcd_text57(x, y, textptr, size, color)                        //// 
.................... ////     * Write the null terminated text pointed to by textptr with //// 
.................... ////       the upper left coordinate of the first character at (x,y) //// 
.................... ////       Characters are 5 pixels wide and 7 pixels tall            //// 
.................... ////       - size is an integer that scales the size of the text     //// 
.................... ////       - color is ON or OFF                                      //// 
.................... ////     * Note - This function wraps characters to the next line    //// 
.................... ////              use #define GLCD_WIDTH to specify a display width  //// 
.................... ////                                                                 //// 
.................... ///////////////////////////////////////////////////////////////////////// 
.................... ////        (C) Copyright 1996, 2010 Custom Computer Services        //// 
.................... //// This source code may only be used by licensed users of the CCS  //// 
.................... //// C compiler.  This source code may only be distributed to other  //// 
.................... //// licensed users of the CCS C compiler.  No other use,            //// 
.................... //// reproduction or distribution is permitted without written       //// 
.................... //// permission.  Derivative programs created using this software    //// 
.................... //// in object code form are not restricted in any way.              //// 
.................... ///////////////////////////////////////////////////////////////////////// 
....................  
....................  
.................... ///////////////////////////////////////////////////////////////////////// 
.................... #ifndef GRAPHICS_DRAWING_FUNCTIONS 
.................... #define GRAPHICS_DRAWING_FUNCTIONS 
.................... ///////////////////////////////////////////////////////////////////////// 
....................  
....................  
.................... ///////////////////////////////////////////////////////////////////////// 
.................... #ifndef ON 
.................... #define ON  1 
.................... #endif 
....................  
.................... #ifndef OFF 
.................... #define OFF 0 
.................... #endif 
....................  
.................... #ifndef YES 
.................... #define YES 1 
.................... #endif 
....................  
.................... #ifndef NO 
.................... #define NO  0 
.................... #endif 
.................... ///////////////////////////////////////////////////////////////////////// 
....................  
....................  
.................... ///////////////////////////////////////////////////////////////////////// 
.................... //// Defines a 5x7 font 
.................... ///////////////////////////////////////////////////////////////////////// 
.................... const unsigned int8 FONT[51][5] ={0x00, 0x00, 0x00, 0x00, 0x00, // SPACE 
....................                          0x00, 0x00, 0x5F, 0x00, 0x00, // ! 
....................                          0x00, 0x03, 0x00, 0x03, 0x00, // " 
....................                          0x14, 0x3E, 0x14, 0x3E, 0x14, // # 
....................                          0x24, 0x2A, 0x7F, 0x2A, 0x12, // $ 
....................                          0x43, 0x33, 0x08, 0x66, 0x61, // % 
....................                          0x36, 0x49, 0x55, 0x22, 0x50, // & 
....................                          0x00, 0x05, 0x03, 0x00, 0x00, // ' 
....................                          0x00, 0x1C, 0x22, 0x41, 0x00, // ( 
....................                          0x00, 0x41, 0x22, 0x1C, 0x00, // ) 
....................                          0x14, 0x08, 0x3E, 0x08, 0x14, // * 
....................                          0x08, 0x08, 0x3E, 0x08, 0x08, // + 
....................                          0x00, 0x50, 0x30, 0x00, 0x00, // , 
....................                          0x08, 0x08, 0x08, 0x08, 0x08, // - 
....................                          0x00, 0x60, 0x60, 0x00, 0x00, // . 
....................                          0x20, 0x10, 0x08, 0x04, 0x02, // / 
....................                          0x3E, 0x51, 0x49, 0x45, 0x3E, // 0 
....................                          0x00, 0x04, 0x02, 0x7F, 0x00, // 1 
....................                          0x42, 0x61, 0x51, 0x49, 0x46, // 2 
....................                          0x22, 0x41, 0x49, 0x49, 0x36, // 3 
....................                          0x18, 0x14, 0x12, 0x7F, 0x10, // 4 
....................                          0x27, 0x45, 0x45, 0x45, 0x39, // 5 
....................                          0x3E, 0x49, 0x49, 0x49, 0x32, // 6 
....................                          0x01, 0x01, 0x71, 0x09, 0x07, // 7 
....................                          0x36, 0x49, 0x49, 0x49, 0x36, // 8 
....................                          0x26, 0x49, 0x49, 0x49, 0x3E, // 9 
....................                          0x00, 0x36, 0x36, 0x00, 0x00, // : 
....................                          0x00, 0x56, 0x36, 0x00, 0x00, // ; 
....................                          0x08, 0x14, 0x22, 0x41, 0x00, // < 
....................                          0x14, 0x14, 0x14, 0x14, 0x14, // = 
....................                          0x00, 0x41, 0x22, 0x14, 0x08, // > 
....................                          0x02, 0x01, 0x51, 0x09, 0x06, // ? 
....................                          0x3E, 0x41, 0x59, 0x55, 0x5E, // @ 
....................                          0x7E, 0x09, 0x09, 0x09, 0x7E, // A 
....................                          0x7F, 0x49, 0x49, 0x49, 0x36, // B 
....................                          0x3E, 0x41, 0x41, 0x41, 0x22, // C 
....................                          0x7F, 0x41, 0x41, 0x41, 0x3E, // D 
....................                          0x7F, 0x49, 0x49, 0x49, 0x41, // E 
....................                          0x7F, 0x09, 0x09, 0x09, 0x01, // F 
....................                          0x3E, 0x41, 0x41, 0x49, 0x3A, // G 
....................                          0x7F, 0x08, 0x08, 0x08, 0x7F, // H 
....................                          0x00, 0x41, 0x7F, 0x41, 0x00, // I 
....................                          0x30, 0x40, 0x40, 0x40, 0x3F, // J 
....................                          0x7F, 0x08, 0x14, 0x22, 0x41, // K 
....................                          0x7F, 0x40, 0x40, 0x40, 0x40, // L 
....................                          0x7F, 0x02, 0x0C, 0x02, 0x7F, // M 
....................                          0x7F, 0x02, 0x04, 0x08, 0x7F, // N 
....................                          0x3E, 0x41, 0x41, 0x41, 0x3E, // O 
....................                          0x7F, 0x09, 0x09, 0x09, 0x06, // P 
....................                          0x1E, 0x21, 0x21, 0x21, 0x5E, // Q 
....................                          0x7F, 0x09, 0x09, 0x09, 0x76};// R 
....................  
.................... const unsigned int8 FONT2[44][5]={0x26, 0x49, 0x49, 0x49, 0x32, // S 
....................                          0x01, 0x01, 0x7F, 0x01, 0x01, // T 
....................                          0x3F, 0x40, 0x40, 0x40, 0x3F, // U 
....................                          0x1F, 0x20, 0x40, 0x20, 0x1F, // V 
....................                          0x7F, 0x20, 0x10, 0x20, 0x7F, // W 
....................                          0x41, 0x22, 0x1C, 0x22, 0x41, // X 
....................                          0x07, 0x08, 0x70, 0x08, 0x07, // Y 
....................                          0x61, 0x51, 0x49, 0x45, 0x43, // Z 
....................                          0x00, 0x7F, 0x41, 0x00, 0x00, // [ 
....................                          0x02, 0x04, 0x08, 0x10, 0x20, // \ 
....................                          0x00, 0x00, 0x41, 0x7F, 0x00, // ] 
....................                          0x04, 0x02, 0x01, 0x02, 0x04, // ^ 
....................                          0x40, 0x40, 0x40, 0x40, 0x40, // _ 
....................                          0x00, 0x01, 0x02, 0x04, 0x00, // ` 
....................                          0x20, 0x54, 0x54, 0x54, 0x78, // a 
....................                          0x7F, 0x44, 0x44, 0x44, 0x38, // b 
....................                          0x38, 0x44, 0x44, 0x44, 0x44, // c 
....................                          0x38, 0x44, 0x44, 0x44, 0x7F, // d 
....................                          0x38, 0x54, 0x54, 0x54, 0x18, // e 
....................                          0x04, 0x04, 0x7E, 0x05, 0x05, // f 
....................                          0x08, 0x54, 0x54, 0x54, 0x3C, // g 
....................                          0x7F, 0x08, 0x04, 0x04, 0x78, // h 
....................                          0x00, 0x44, 0x7D, 0x40, 0x00, // i 
....................                          0x20, 0x40, 0x44, 0x3D, 0x00, // j 
....................                          0x7F, 0x10, 0x28, 0x44, 0x00, // k 
....................                          0x00, 0x41, 0x7F, 0x40, 0x00, // l 
....................                          0x7C, 0x04, 0x78, 0x04, 0x78, // m 
....................                          0x7C, 0x08, 0x04, 0x04, 0x78, // n 
....................                          0x38, 0x44, 0x44, 0x44, 0x38, // o 
....................                          0x7C, 0x14, 0x14, 0x14, 0x08, // p 
....................                          0x08, 0x14, 0x14, 0x14, 0x7C, // q 
....................                          0x00, 0x7C, 0x08, 0x04, 0x04, // r 
....................                          0x48, 0x54, 0x54, 0x54, 0x20, // s 
....................                          0x04, 0x04, 0x3F, 0x44, 0x44, // t 
....................                          0x3C, 0x40, 0x40, 0x20, 0x7C, // u 
....................                          0x1C, 0x20, 0x40, 0x20, 0x1C, // v 
....................                          0x3C, 0x40, 0x30, 0x40, 0x3C, // w 
....................                          0x44, 0x28, 0x10, 0x28, 0x44, // x 
....................                          0x0C, 0x50, 0x50, 0x50, 0x3C, // y 
....................                          0x44, 0x64, 0x54, 0x4C, 0x44, // z 
....................                          0x00, 0x08, 0x36, 0x41, 0x41, // { 
....................                          0x00, 0x00, 0x7F, 0x00, 0x00, // | 
....................                          0x41, 0x41, 0x36, 0x08, 0x00, // } 
....................                          0x02, 0x01, 0x02, 0x04, 0x02};// ~ 
.................... ///////////////////////////////////////////////////////////////////////// 
....................  
....................  
.................... ///////////////////////////////////////////////////////////////////////// 
.................... // Purpose:       Draw a line on a graphic LCD using Bresenham's 
.................... //                line drawing algorithm 
.................... // Inputs:        (x1, y1) - the start coordinate 
.................... //                (x2, y2) - the end coordinate 
.................... //                color - ON or OFF 
.................... // Dependencies:  glcd_pixel() 
.................... ///////////////////////////////////////////////////////////////////////// 
.................... #ifdef LARGE_LCD 
.................... void glcd_line(unsigned int16 x1, unsigned int16 y1, unsigned int16 x2, iunsigned nt16 y2, int1 color) 
.................... #else 
.................... void glcd_line(unsigned int8 x1, unsigned int8 y1, unsigned int8 x2, unsigned int8 y2, int1 color) 
.................... #endif 
*
0599:  MOVLW  01
059A:  MOVWF  54
059B:  MOVWF  55
059C:  CLRF   5A
.................... { 
....................    unsigned int16        dy, dx; 
....................    signed int8  addx=1, addy=1; 
....................    signed int16 P, diff; 
....................  
....................    #ifdef LARGE_LCD 
....................    unsigned int16 i=0; 
....................    dx = abs((signed int16)(x2 - x1)); 
....................    dy = abs((signed int16)(y2 - y1)); 
....................    #else 
....................    unsigned int8 i=0; 
....................    dx = abs((signed int8)(x2 - x1)); 
059D:  MOVF   4B,W
059E:  SUBWF  4D,W
059F:  MOVWF  5B
05A0:  MOVF   5B,W
05A1:  BTFSS  5B.7
05A2:  GOTO   5A5
05A3:  MOVF   5B,W
05A4:  SUBLW  00
05A5:  CLRF   7A
05A6:  MOVWF  52
05A7:  MOVF   7A,W
05A8:  MOVWF  53
....................    dy = abs((signed int8)(y2 - y1)); 
05A9:  MOVF   4C,W
05AA:  SUBWF  4E,W
05AB:  MOVWF  5B
05AC:  MOVF   5B,W
05AD:  BTFSS  5B.7
05AE:  GOTO   5B1
05AF:  MOVF   5B,W
05B0:  SUBLW  00
05B1:  CLRF   7A
05B2:  MOVWF  50
05B3:  MOVF   7A,W
05B4:  MOVWF  51
....................    #endif 
....................  
....................    if(x1 > x2) 
05B5:  MOVF   4B,W
05B6:  SUBWF  4D,W
05B7:  BTFSC  03.0
05B8:  GOTO   5BB
....................       addx = -1; 
05B9:  MOVLW  FF
05BA:  MOVWF  54
....................    if(y1 > y2) 
05BB:  MOVF   4C,W
05BC:  SUBWF  4E,W
05BD:  BTFSC  03.0
05BE:  GOTO   5C1
....................       addy = -1; 
05BF:  MOVLW  FF
05C0:  MOVWF  55
....................  
....................    if(dx >= dy) 
05C1:  MOVF   51,W
05C2:  SUBWF  53,W
05C3:  BTFSS  03.0
05C4:  GOTO   60D
05C5:  BTFSS  03.2
05C6:  GOTO   5CB
05C7:  MOVF   50,W
05C8:  SUBWF  52,W
05C9:  BTFSS  03.0
05CA:  GOTO   60D
....................    { 
....................       dy *= 2; 
05CB:  BCF    03.0
05CC:  RLF    50,F
05CD:  RLF    51,F
....................       P = dy - dx; 
05CE:  MOVF   52,W
05CF:  SUBWF  50,W
05D0:  MOVWF  77
05D1:  MOVF   51,W
05D2:  MOVWF  7A
05D3:  MOVF   53,W
05D4:  BTFSS  03.0
05D5:  INCFSZ 53,W
05D6:  SUBWF  7A,F
05D7:  MOVF   77,W
05D8:  MOVWF  56
05D9:  MOVF   7A,W
05DA:  MOVWF  57
....................       diff = P - dx; 
05DB:  MOVF   52,W
05DC:  SUBWF  56,W
05DD:  MOVWF  58
05DE:  MOVF   57,W
05DF:  MOVWF  59
05E0:  MOVF   53,W
05E1:  BTFSS  03.0
05E2:  INCFSZ 53,W
05E3:  SUBWF  59,F
....................  
....................       for(; i<=dx; ++i) 
05E4:  MOVF   53,F
05E5:  BTFSS  03.2
05E6:  GOTO   5EB
05E7:  MOVF   5A,W
05E8:  SUBWF  52,W
05E9:  BTFSS  03.0
05EA:  GOTO   60C
....................       { 
....................          glcd_pixel(x1, y1, color); 
05EB:  MOVF   4B,W
05EC:  MOVWF  5B
05ED:  MOVF   4C,W
05EE:  MOVWF  5C
05EF:  MOVF   4F,W
05F0:  MOVWF  5D
05F1:  CALL   523
....................  
....................          if(P < 0) 
05F2:  BTFSS  57.7
05F3:  GOTO   5FE
....................          { 
....................             P  += dy; 
05F4:  MOVF   50,W
05F5:  ADDWF  56,F
05F6:  MOVF   51,W
05F7:  BTFSC  03.0
05F8:  INCFSZ 51,W
05F9:  ADDWF  57,F
....................             x1 += addx; 
05FA:  MOVF   54,W
05FB:  ADDWF  4B,W
05FC:  MOVWF  4B
....................          } 
05FD:  GOTO   60A
....................          else 
....................          { 
....................             P  += diff; 
05FE:  MOVF   58,W
05FF:  ADDWF  56,F
0600:  MOVF   59,W
0601:  BTFSC  03.0
0602:  INCFSZ 59,W
0603:  ADDWF  57,F
....................             x1 += addx; 
0604:  MOVF   54,W
0605:  ADDWF  4B,W
0606:  MOVWF  4B
....................             y1 += addy; 
0607:  MOVF   55,W
0608:  ADDWF  4C,W
0609:  MOVWF  4C
....................          } 
060A:  INCF   5A,F
060B:  GOTO   5E4
....................       } 
....................    } 
060C:  GOTO   64E
....................    else 
....................    { 
....................       dx *= 2; 
060D:  BCF    03.0
060E:  RLF    52,F
060F:  RLF    53,F
....................       P = dx - dy; 
0610:  MOVF   50,W
0611:  SUBWF  52,W
0612:  MOVWF  77
0613:  MOVF   53,W
0614:  MOVWF  7A
0615:  MOVF   51,W
0616:  BTFSS  03.0
0617:  INCFSZ 51,W
0618:  SUBWF  7A,F
0619:  MOVF   77,W
061A:  MOVWF  56
061B:  MOVF   7A,W
061C:  MOVWF  57
....................       diff = P - dy; 
061D:  MOVF   50,W
061E:  SUBWF  56,W
061F:  MOVWF  58
0620:  MOVF   57,W
0621:  MOVWF  59
0622:  MOVF   51,W
0623:  BTFSS  03.0
0624:  INCFSZ 51,W
0625:  SUBWF  59,F
....................  
....................       for(; i<=dy; ++i) 
0626:  MOVF   51,F
0627:  BTFSS  03.2
0628:  GOTO   62D
0629:  MOVF   5A,W
062A:  SUBWF  50,W
062B:  BTFSS  03.0
062C:  GOTO   64E
....................       { 
....................          glcd_pixel(x1, y1, color); 
062D:  MOVF   4B,W
062E:  MOVWF  5B
062F:  MOVF   4C,W
0630:  MOVWF  5C
0631:  MOVF   4F,W
0632:  MOVWF  5D
0633:  CALL   523
....................  
....................          if(P < 0) 
0634:  BTFSS  57.7
0635:  GOTO   640
....................          { 
....................             P  += dx; 
0636:  MOVF   52,W
0637:  ADDWF  56,F
0638:  MOVF   53,W
0639:  BTFSC  03.0
063A:  INCFSZ 53,W
063B:  ADDWF  57,F
....................             y1 += addy; 
063C:  MOVF   55,W
063D:  ADDWF  4C,W
063E:  MOVWF  4C
....................          } 
063F:  GOTO   64C
....................          else 
....................          { 
....................             P  += diff; 
0640:  MOVF   58,W
0641:  ADDWF  56,F
0642:  MOVF   59,W
0643:  BTFSC  03.0
0644:  INCFSZ 59,W
0645:  ADDWF  57,F
....................             x1 += addx; 
0646:  MOVF   54,W
0647:  ADDWF  4B,W
0648:  MOVWF  4B
....................             y1 += addy; 
0649:  MOVF   55,W
064A:  ADDWF  4C,W
064B:  MOVWF  4C
....................          } 
064C:  INCF   5A,F
064D:  GOTO   626
....................       } 
....................    } 
064E:  RETURN
.................... } 
....................  
....................  
.................... ///////////////////////////////////////////////////////////////////////// 
.................... // Purpose:       Draw a rectangle on a graphic LCD 
.................... // Inputs:        (x1, y1) - the start coordinate 
.................... //                (x2, y2) - the end coordinate 
.................... //                fill  - YES or NO 
.................... //                color - ON or OFF 
.................... // Dependencies:  glcd_pixel(), glcd_line() 
.................... ///////////////////////////////////////////////////////////////////////// 
.................... #ifdef LARGE_LCD 
.................... void glcd_rect(unsigned int16 x1, unsigned int16 y1, unsigned int16 x2, unsigned int16 y2, int1 fill, int1 color) 
.................... #else 
.................... void glcd_rect(unsigned int8 x1, unsigned int8 y1, unsigned int8 x2, unsigned int8 y2, int1 fill, int1 color) 
.................... #endif 
.................... { 
....................    if(fill) 
*
0658:  MOVF   44,F
0659:  BTFSC  03.2
065A:  GOTO   68B
....................    { 
....................       #ifdef LARGE_LCD 
....................       unsigned int16 i, xmin, xmax, ymin, ymax; 
....................       #else 
....................       unsigned int8  i, xmin, xmax, ymin, ymax; 
....................       #endif 
....................  
....................       if(x1 < x2)                            //  Find x min and max 
065B:  MOVF   42,W
065C:  SUBWF  40,W
065D:  BTFSC  03.0
065E:  GOTO   664
....................       { 
....................          xmin = x1; 
065F:  MOVF   40,W
0660:  MOVWF  47
....................          xmax = x2; 
0661:  MOVF   42,W
0662:  MOVWF  48
....................       } 
0663:  GOTO   668
....................       else 
....................       { 
....................          xmin = x2; 
0664:  MOVF   42,W
0665:  MOVWF  47
....................          xmax = x1; 
0666:  MOVF   40,W
0667:  MOVWF  48
....................       } 
....................  
....................       if(y1 < y2)                            // Find the y min and max 
0668:  MOVF   43,W
0669:  SUBWF  41,W
066A:  BTFSC  03.0
066B:  GOTO   671
....................       { 
....................          ymin = y1; 
066C:  MOVF   41,W
066D:  MOVWF  49
....................          ymax = y2; 
066E:  MOVF   43,W
066F:  MOVWF  4A
....................       } 
0670:  GOTO   675
....................       else 
....................       { 
....................          ymin = y2; 
0671:  MOVF   43,W
0672:  MOVWF  49
....................          ymax = y1; 
0673:  MOVF   41,W
0674:  MOVWF  4A
....................       } 
....................  
....................       for(; xmin <= xmax; ++xmin) 
0675:  MOVF   47,W
0676:  SUBWF  48,W
0677:  BTFSS  03.0
0678:  GOTO   68A
....................       { 
....................          for(i=ymin; i<=ymax; ++i) 
0679:  MOVF   49,W
067A:  MOVWF  46
067B:  MOVF   46,W
067C:  SUBWF  4A,W
067D:  BTFSS  03.0
067E:  GOTO   688
....................          { 
....................             glcd_pixel(xmin, i, color); 
067F:  MOVF   47,W
0680:  MOVWF  5B
0681:  MOVF   46,W
0682:  MOVWF  5C
0683:  MOVF   45,W
0684:  MOVWF  5D
0685:  CALL   523
0686:  INCF   46,F
0687:  GOTO   67B
....................          } 
0688:  INCF   47,F
0689:  GOTO   675
....................       } 
....................    } 
068A:  GOTO   6B7
....................    else 
....................    { 
....................       glcd_line(x1, y1, x2, y1, color);      // Draw the 4 sides 
068B:  MOVF   40,W
068C:  MOVWF  4B
068D:  MOVF   41,W
068E:  MOVWF  4C
068F:  MOVF   42,W
0690:  MOVWF  4D
0691:  MOVF   41,W
0692:  MOVWF  4E
0693:  MOVF   45,W
0694:  MOVWF  4F
0695:  CALL   599
....................       glcd_line(x1, y2, x2, y2, color); 
0696:  MOVF   40,W
0697:  MOVWF  4B
0698:  MOVF   43,W
0699:  MOVWF  4C
069A:  MOVF   42,W
069B:  MOVWF  4D
069C:  MOVF   43,W
069D:  MOVWF  4E
069E:  MOVF   45,W
069F:  MOVWF  4F
06A0:  CALL   599
....................       glcd_line(x1, y1, x1, y2, color); 
06A1:  MOVF   40,W
06A2:  MOVWF  4B
06A3:  MOVF   41,W
06A4:  MOVWF  4C
06A5:  MOVF   40,W
06A6:  MOVWF  4D
06A7:  MOVF   43,W
06A8:  MOVWF  4E
06A9:  MOVF   45,W
06AA:  MOVWF  4F
06AB:  CALL   599
....................       glcd_line(x2, y1, x2, y2, color); 
06AC:  MOVF   42,W
06AD:  MOVWF  4B
06AE:  MOVF   41,W
06AF:  MOVWF  4C
06B0:  MOVF   42,W
06B1:  MOVWF  4D
06B2:  MOVF   43,W
06B3:  MOVWF  4E
06B4:  MOVF   45,W
06B5:  MOVWF  4F
06B6:  CALL   599
....................    } 
.................... } 
....................  
.................... ///////////////////////////////////////////////////////////////////////// 
.................... // Purpose:       Draw a bar (wide line) on a graphic LCD 
.................... // Inputs:        (x1, y1) - the start coordinate 
.................... //                (x2, y2) - the end coordinate 
.................... //                width  - The number of pixels wide 
.................... //                color - ON or OFF 
.................... ///////////////////////////////////////////////////////////////////////// 
.................... #ifdef LARGE_LCD 
.................... void glcd_bar(unsigned int16 x1, unsigned int16 y1, unsigned int16 x2, unsigned int16 y2, unsigned int8 width, int1 color) 
.................... #else 
.................... void glcd_bar(unsigned int8 x1, unsigned int8 y1, unsigned int8 x2, unsigned int8 y2, unsigned int8 width, int1 color) 
.................... #endif 
.................... { 
....................    unsigned int8         half_width; 
....................    signed int16 dy, dx; 
....................    signed int8  addx=1, addy=1, j; 
....................    signed int16 P, diff, c1, c2; 
....................  
....................    #ifdef LARGE_LCD 
....................    unsigned int16 i=0; 
....................    dx = abs((signed int16)(x2 - x1)); 
....................    dy = abs((signed int16)(y2 - y1)); 
....................    #else 
....................    unsigned int8 i=0; 
....................    dx = abs((signed int8)(x2 - x1)); 
....................    dy = abs((signed int8)(y2 - y1)); 
....................    #endif 
....................  
....................    half_width = width/2; 
....................    c1 = -(dx*x1 + dy*y1); 
....................    c2 = -(dx*x2 + dy*y2); 
....................  
....................    if(x1 > x2) 
....................    { 
....................       signed int16 temp; 
....................       temp = c1; 
....................       c1 = c2; 
....................       c2 = temp; 
....................       addx = -1; 
....................    } 
....................    if(y1 > y2) 
....................    { 
....................       signed int16 temp; 
....................       temp = c1; 
....................       c1 = c2; 
....................       c2 = temp; 
....................       addy = -1; 
....................    } 
....................  
....................    if(dx >= dy) 
....................    { 
....................       P = 2*dy - dx; 
....................       diff = P - dx; 
....................  
....................       for(i=0; i<=dx; ++i) 
....................       { 
....................          for(j=-half_width; j<half_width+width%2; ++j) 
....................          { 
....................                glcd_pixel(x1, y1+j, color); 
....................          } 
....................          if(P < 0) 
....................          { 
....................             P  += 2*dy; 
....................             x1 += addx; 
....................          } 
....................          else 
....................          { 
....................             P  += diff; 
....................             x1 += addx; 
....................             y1 += addy; 
....................          } 
....................       } 
....................    } 
....................    else 
....................    { 
....................       P = 2*dx - dy; 
....................       diff = P - dy; 
....................  
....................       for(i=0; i<=dy; ++i) 
....................       { 
....................          if(P < 0) 
....................          { 
....................             P  += 2*dx; 
....................             y1 += addy; 
....................          } 
....................          else 
....................          { 
....................             P  += diff; 
....................             x1 += addx; 
....................             y1 += addy; 
....................          } 
....................          for(j=-half_width; j<half_width+width%2; ++j) 
....................          { 
....................                glcd_pixel(x1+j, y1, color); 
....................          } 
....................       } 
....................    } 
.................... } 
....................  
....................  
.................... ///////////////////////////////////////////////////////////////////////// 
.................... // Purpose:       Draw a circle on a graphic LCD 
.................... // Inputs:        (x,y) - the center of the circle 
.................... //                radius - the radius of the circle 
.................... //                fill - YES or NO 
.................... //                color - ON or OFF 
.................... ///////////////////////////////////////////////////////////////////////// 
.................... #ifdef LARGE_LCD 
.................... void glcd_circle(unsigned int16 x, unsigned int16 y, unsigned int16 radius, int1 fill, int1 color) 
.................... #else 
.................... void glcd_circle(unsigned int8 x, unsigned int8 y, unsigned int8 radius, int1 fill, int1 color) 
.................... #endif 
.................... { 
....................    #ifdef LARGE_LCD 
....................    signed int16 a, b, P; 
....................    #else 
....................    signed int8  a, b, P; 
....................    #endif 
....................  
....................    a = 0; 
....................    b = radius; 
....................    P = 1 - radius; 
....................  
....................    do 
....................    { 
....................       if(fill) 
....................       { 
....................          glcd_line(x-a, y+b, x+a, y+b, color); 
....................          glcd_line(x-a, y-b, x+a, y-b, color); 
....................          glcd_line(x-b, y+a, x+b, y+a, color); 
....................          glcd_line(x-b, y-a, x+b, y-a, color); 
....................       } 
....................       else 
....................       { 
....................          glcd_pixel(a+x, b+y, color); 
....................          glcd_pixel(b+x, a+y, color); 
....................          glcd_pixel(x-a, b+y, color); 
....................          glcd_pixel(x-b, a+y, color); 
....................          glcd_pixel(b+x, y-a, color); 
....................          glcd_pixel(a+x, y-b, color); 
....................          glcd_pixel(x-a, y-b, color); 
....................          glcd_pixel(x-b, y-a, color); 
....................       } 
....................  
....................       if(P < 0) 
....................          P += 3 + 2 * a++; 
....................       else 
....................          P += 5 + 2 * (a++ - b--); 
....................     } while(a <= b); 
.................... } 
....................  
....................  
.................... ///////////////////////////////////////////////////////////////////////// 
.................... // Purpose:       Write text on a graphic LCD 
.................... // Inputs:        (x,y) - The upper left coordinate of the first letter 
.................... //                textptr - A pointer to an array of text to display 
.................... //                size - The size of the text: 1 = 5x7, 2 = 10x14, ... 
.................... //                color - ON or OFF 
.................... ///////////////////////////////////////////////////////////////////////// 
.................... #ifdef LARGE_LCD 
.................... void glcd_text57(unsigned int16 x, unsigned int16 y, char* textptr, unsigned int8 size, int1 color) 
.................... #else 
.................... void glcd_text57(unsigned int8 x, unsigned int8 y, char* textptr, unsigned int8 size, int1 color) 
.................... #endif 
.................... { 
....................    unsigned int8 j, k, l, m;                       // Loop counters 
....................    unsigned int8 pixelData[5];                     // Stores character data 
....................  
....................    for(; *textptr != '\0'; ++textptr, ++x)// Loop through the passed string 
....................    { 
....................       if(*textptr < 'S') // Checks if the letter is in the first font array 
....................          memcpy(pixelData, FONT[*textptr - ' '], 5); 
....................       else if(*textptr <= '~') // Check if the letter is in the second font array 
....................          memcpy(pixelData, FONT2[*textptr - 'S'], 5); 
....................       else 
....................          memcpy(pixelData, FONT[0], 5);   // Default to space 
....................  
....................       // Handles newline and carriage returns 
....................       switch(*textptr) 
....................       { 
....................          case '\n': 
....................             y += 7*size + 1; 
....................             continue; 
....................          case '\r': 
....................             x = 0; 
....................             continue; 
....................       } 
....................  
....................       if(x+5*size >= GLCD_WIDTH)          // Performs character wrapping 
....................       { 
....................          x = 0;                           // Set x at far left position 
....................          y += 7*size + 1;                 // Set y at next position down 
....................       } 
....................       for(j=0; j<5; ++j, x+=size)         // Loop through character byte data 
....................       { 
....................          for(k=0; k < 7; ++k)             // Loop through the vertical pixels 
....................          { 
....................             if(bit_test(pixelData[j], k)) // Check if the pixel should be set 
....................             { 
....................                for(l=0; l < size; ++l)    // These two loops change the 
....................                {                          // character's size 
....................                   for(m=0; m < size; ++m) 
....................                   { 
....................                      glcd_pixel(x+m, y+k*size+l, color); // Draws the pixel 
....................                   } 
....................                } 
....................             } 
....................          } 
....................       } 
....................    } 
.................... } 
....................  
.................... #endif 
....................  
.................... #use standard_io(a) 
....................  
.................... void glcd_imagen(int8, imagen); 
.................... const int8 imagen_1[64][16] = { 
....................     0x00, 0x00, 0x06, 0xB7, 0xFE, 0xFF, 0xFF, 0xFF, 0xB6, 0x00, 0x00, 0x00, 0x00, 0x00, 0x00, 0x00, 
....................     0x00, 0x00, 0x09, 0x6F, 0xFF, 0x7F, 0xFF, 0xDF, 0xE9, 0x00, 0x00, 0x00, 0x00, 0x00, 0x00, 0x00, 
....................     0x00, 0x00, 0x06, 0xBF, 0xFD, 0xBF, 0xFF, 0xFA, 0xF5, 0x80, 0x00, 0x00, 0x00, 0x00, 0x00, 0x00, 
....................     0x00, 0x00, 0x19, 0xFF, 0xFF, 0x7F, 0xFF, 0xEF, 0xFA, 0xC0, 0x00, 0x00, 0x00, 0x00, 0x00, 0x00, 
....................     0x00, 0x00, 0x17, 0x57, 0xFF, 0xBF, 0xFF, 0x75, 0xBD, 0x30, 0x00, 0x00, 0x00, 0x00, 0x00, 0x00, 
....................     0x00, 0x00, 0x15, 0xDF, 0xFF, 0xEF, 0xFF, 0xFE, 0xEE, 0xD0, 0x00, 0x00, 0x00, 0x00, 0x00, 0x00, 
....................     0x00, 0x00, 0x2B, 0x7F, 0xFE, 0xBF, 0xFF, 0xDB, 0x7F, 0xAC, 0x00, 0x00, 0x00, 0x00, 0x00, 0x00, 
....................     0x00, 0x00, 0x36, 0xFF, 0xFF, 0xFF, 0xFD, 0x7F, 0xD7, 0xD4, 0x00, 0x00, 0x00, 0x00, 0x00, 0x00, 
....................     0x00, 0x00, 0x2D, 0x7F, 0xFF, 0xFB, 0xFF, 0xED, 0xBD, 0xEB, 0x00, 0x00, 0x00, 0x00, 0x00, 0x00, 
....................     0x00, 0x00, 0x5B, 0xEF, 0xFF, 0x57, 0xFF, 0x5B, 0xF7, 0xF5, 0x00, 0x00, 0x00, 0x00, 0x00, 0x00, 
....................     0x00, 0x00, 0x2D, 0xBF, 0xFF, 0xD5, 0xFF, 0xFE, 0xDF, 0x5E, 0xC0, 0x00, 0x00, 0x00, 0x00, 0x00, 
....................     0x00, 0x00, 0x5B, 0x7F, 0xFC, 0x02, 0xBF, 0xBD, 0xF7, 0xF5, 0x50, 0x00, 0x00, 0x00, 0x00, 0x00, 
....................     0x00, 0x00, 0x5F, 0xD7, 0xFE, 0x80, 0x4F, 0xEF, 0x7D, 0xBF, 0xA8, 0x00, 0x00, 0x00, 0x00, 0x00, 
....................     0x00, 0x00, 0x76, 0xBF, 0x70, 0x00, 0x15, 0xFF, 0xFB, 0xEA, 0xD4, 0x00, 0x00, 0x00, 0x00, 0x00, 
....................     0x00, 0x00, 0x3F, 0xEF, 0xFA, 0x00, 0x0A, 0xBB, 0xDD, 0x7F, 0x6A, 0x00, 0x00, 0x00, 0x00, 0x00, 
....................     0x00, 0x00, 0xFD, 0xBB, 0xE0, 0x00, 0x03, 0xFF, 0xFF, 0xF5, 0xD5, 0x80, 0x00, 0x00, 0x00, 0x00, 
....................     0x00, 0x00, 0x2E, 0xFD, 0x68, 0x00, 0x00, 0x6D, 0xEE, 0xBF, 0x7A, 0x60, 0x00, 0x00, 0x00, 0x00, 
....................     0x00, 0x00, 0x7F, 0xF7, 0x40, 0x00, 0x01, 0x5F, 0xFF, 0xFB, 0xD5, 0x90, 0x00, 0x00, 0x00, 0x00, 
....................     0x00, 0x00, 0x7A, 0xFA, 0xC0, 0x00, 0x00, 0x2E, 0xF7, 0x5D, 0xFF, 0x66, 0x00, 0x00, 0x00, 0x00, 
....................     0x00, 0x00, 0x7F, 0xEE, 0x80, 0x00, 0x00, 0x5B, 0xFF, 0xFF, 0xD6, 0x99, 0x40, 0x00, 0x00, 0x00, 
....................     0x00, 0x00, 0x7F, 0xFA, 0xC0, 0x00, 0x00, 0x0D, 0xFF, 0xEF, 0xFB, 0xE6, 0xA8, 0x00, 0x00, 0x00, 
....................     0x00, 0x00, 0x7B, 0xED, 0x80, 0x00, 0x00, 0x17, 0x7B, 0xFF, 0xBE, 0xF9, 0x57, 0xD0, 0x00, 0x00, 
....................     0x00, 0x00, 0x3F, 0xF7, 0x00, 0x00, 0x00, 0x01, 0xFF, 0xFB, 0xFF, 0xFE, 0xB9, 0x34, 0x00, 0x00, 
....................     0x00, 0x00, 0x7F, 0xD5, 0x00, 0x00, 0x08, 0x0A, 0xFF, 0xFF, 0xFF, 0xFF, 0xD7, 0xED, 0x00, 0x00, 
....................     0x00, 0x00, 0x3B, 0xF6, 0x80, 0x00, 0x10, 0x02, 0x7F, 0xFD, 0xFF, 0xBF, 0xFD, 0x5A, 0x40, 0x00, 
....................     0x00, 0x00, 0x7F, 0xED, 0x00, 0x00, 0x62, 0x8A, 0xFF, 0xFF, 0xFF, 0xFF, 0xFF, 0xF7, 0xE0, 0x00, 
....................     0x00, 0x00, 0x3F, 0xF6, 0x80, 0x00, 0xCB, 0xF5, 0x3F, 0xFE, 0xFF, 0xFF, 0xFF, 0xFF, 0xA0, 0x00, 
....................     0x00, 0x00, 0x3F, 0xED, 0x00, 0x03, 0x96, 0x39, 0x3F, 0xFF, 0xFF, 0xFF, 0xFF, 0xFD, 0x60, 0x00, 
....................     0x00, 0x00, 0x3F, 0xF5, 0x00, 0x00, 0x2B, 0x04, 0x9F, 0xFF, 0xFF, 0xFF, 0xFF, 0xFF, 0xE0, 0x00, 
....................     0x00, 0x00, 0x3F, 0xEC, 0x00, 0x02, 0xC2, 0x40, 0x1F, 0xFF, 0xFF, 0xFF, 0xFE, 0x84, 0x00, 0x00, 
....................     0x00, 0x00, 0x1F, 0xF5, 0x80, 0x00, 0x20, 0x40, 0x4F, 0xFF, 0xFF, 0xFF, 0xF9, 0x20, 0x00, 0x00, 
....................     0x00, 0x00, 0x3F, 0xFF, 0xA0, 0x00, 0x81, 0x80, 0x1F, 0xFF, 0xFF, 0xFF, 0xD6, 0x00, 0x00, 0x00, 
....................     0x00, 0x00, 0x1F, 0xF8, 0x5A, 0x00, 0x04, 0x00, 0x4F, 0xFF, 0xFF, 0xFF, 0xFD, 0xC0, 0x00, 0x00, 
....................     0x00, 0x00, 0x1F, 0xED, 0xFC, 0x80, 0x00, 0x00, 0x8F, 0xFF, 0xFF, 0xFF, 0xFF, 0xB0, 0x00, 0x00, 
....................     0x00, 0x00, 0x1F, 0xFF, 0xEA, 0x00, 0x00, 0x00, 0x27, 0xFF, 0xFF, 0xBF, 0xFF, 0xFE, 0x00, 0x00, 
....................     0x00, 0x00, 0x1F, 0xFF, 0x18, 0x00, 0x00, 0x00, 0x4F, 0xFF, 0xFF, 0xFF, 0xEF, 0xED, 0xC0, 0x00, 
....................     0x00, 0x00, 0x0F, 0xFB, 0x81, 0x00, 0x00, 0x00, 0x23, 0xFF, 0xFF, 0xDF, 0xF5, 0xBA, 0x00, 0x00, 
....................     0x00, 0x00, 0x0F, 0xFC, 0xCA, 0x00, 0x00, 0x00, 0x8F, 0xFF, 0xFF, 0xBC, 0xA0, 0x44, 0xA0, 0x00, 
....................     0x00, 0x00, 0x0F, 0xFA, 0x30, 0x00, 0x00, 0x04, 0x21, 0xFF, 0xFF, 0xFF, 0x5C, 0x12, 0x00, 0x00, 
....................     0x00, 0x00, 0x0F, 0xFC, 0x00, 0x00, 0x00, 0x00, 0x8B, 0xFF, 0xFF, 0xFA, 0x80, 0x00, 0x00, 0x00, 
....................     0x00, 0x00, 0x07, 0xFD, 0x00, 0x00, 0x00, 0x10, 0x21, 0xFF, 0xFF, 0xFF, 0x01, 0x00, 0x00, 0x00, 
....................     0x00, 0x00, 0x07, 0xFE, 0x00, 0x00, 0x01, 0x02, 0x8B, 0xFF, 0xFF, 0x7C, 0xA0, 0x00, 0x00, 0x00, 
....................     0x00, 0x00, 0x07, 0xFF, 0x00, 0x00, 0x04, 0x00, 0x21, 0xFF, 0xFF, 0xFF, 0x90, 0x00, 0x00, 0x00, 
....................     0x00, 0x00, 0x07, 0xFF, 0x00, 0x00, 0x01, 0x20, 0x8B, 0xFF, 0xFE, 0x6E, 0x44, 0x00, 0x00, 0x00, 
....................     0x00, 0x00, 0x03, 0xFF, 0x80, 0x00, 0x00, 0x00, 0x23, 0xFF, 0xFF, 0xBB, 0x90, 0x00, 0x00, 0x00, 
....................     0x00, 0x00, 0x07, 0xFF, 0x80, 0x00, 0x05, 0x00, 0x0F, 0xFF, 0xFC, 0xED, 0x40, 0x00, 0x00, 0x00, 
....................     0x00, 0x00, 0x01, 0xFF, 0xE0, 0x00, 0x00, 0x01, 0x23, 0xFF, 0xFE, 0xD1, 0x28, 0x00, 0x00, 0x00, 
....................     0x00, 0x00, 0x03, 0xFF, 0xE0, 0x00, 0x40, 0x00, 0x4F, 0xFF, 0xFD, 0xA4, 0x40, 0x00, 0x00, 0x00, 
....................     0x00, 0x00, 0x03, 0xFF, 0xF0, 0x00, 0x10, 0x04, 0x27, 0xFF, 0xFE, 0xAA, 0x00, 0x00, 0x00, 0x00, 
....................     0x00, 0x00, 0x01, 0xFF, 0xF8, 0x00, 0x40, 0x29, 0x0F, 0xFF, 0xFF, 0x40, 0x00, 0x00, 0x00, 0x00, 
....................     0x00, 0x00, 0x01, 0xFF, 0xFC, 0x00, 0x02, 0xA0, 0x5F, 0xFF, 0xF6, 0x94, 0x80, 0x00, 0x00, 0x00, 
....................     0x00, 0x00, 0x00, 0xFF, 0xFE, 0x00, 0x1F, 0x8A, 0xAF, 0xFF, 0xFF, 0x20, 0x00, 0x00, 0x00, 0x00, 
....................     0x00, 0x00, 0x00, 0xFF, 0xFF, 0x00, 0x57, 0x20, 0x13, 0xFF, 0xE9, 0x82, 0x00, 0x00, 0x00, 0x00, 
....................     0x00, 0x00, 0x00, 0xFF, 0xFF, 0x83, 0xF8, 0x4A, 0xFD, 0xFF, 0xFA, 0xC8, 0x00, 0x00, 0x00, 0x00, 
....................     0x00, 0x00, 0x00, 0xFF, 0xFF, 0xE0, 0x03, 0xA0, 0x62, 0x7F, 0xE8, 0x60, 0x00, 0x00, 0x00, 0x00, 
....................     0x00, 0x00, 0x00, 0xFF, 0xFF, 0xF0, 0xAD, 0x42, 0xD5, 0xAF, 0xF2, 0xB0, 0x00, 0x00, 0x00, 0x00, 
....................     0x00, 0x00, 0x00, 0x7F, 0xFF, 0xFC, 0x12, 0x20, 0xEA, 0x2B, 0xE8, 0x0A, 0x00, 0x00, 0x00, 0x00, 
....................     0x00, 0x00, 0x00, 0x7F, 0xFF, 0xFE, 0x04, 0x85, 0xD5, 0xD7, 0xE4, 0x84, 0x00, 0x00, 0x00, 0x00, 
....................     0x00, 0x00, 0x00, 0x3F, 0xFF, 0xFF, 0x80, 0x03, 0xAA, 0x2F, 0xF2, 0x20, 0x00, 0x00, 0x00, 0x00, 
....................     0x00, 0x00, 0x00, 0x3F, 0xFF, 0xFF, 0xE1, 0x5E, 0xD5, 0xDB, 0xF4, 0x00, 0x00, 0x00, 0x00, 0x00, 
....................     0x00, 0x00, 0x00, 0x3F, 0xFF, 0xFF, 0xF4, 0x25, 0x2A, 0x57, 0xF0, 0x88, 0x00, 0x00, 0x00, 0x00, 
....................     0x00, 0x00, 0x00, 0x3F, 0xFF, 0xFF, 0xFF, 0xFE, 0xFD, 0xAF, 0xE4, 0x00, 0x00, 0x00, 0x00, 0x00, 
....................     0x00, 0x00, 0x00, 0x1F, 0xFF, 0xFF, 0xFF, 0xCB, 0x8A, 0xDF, 0xF1, 0x00, 0x00, 0x00, 0x00, 0x00, 
....................     0x00, 0x00, 0x00, 0x1F, 0xFF, 0xFF, 0xFF, 0x1F, 0x7D, 0x6F, 0xE4, 0x10, 0x00, 0x00, 0x20, 0x00 
.................... }; 
....................  
.................... //Esta imagen funciona correctamente  
.................... const int8 imagen_2[64][16] = { 
....................     0x00, 0x00, 0x00, 0x00, 0x00, 0x00, 0x00, 0x00, 0x00, 0x00, 0x00, 0x00, 0x01, 0xFF, 0xFF, 0xFF, 
....................     0x00, 0x00, 0x00, 0x00, 0x00, 0x00, 0x00, 0x00, 0x00, 0x1F, 0x00, 0x00, 0x01, 0xC0, 0x00, 0x00, 
....................     0x3F, 0x3E, 0x73, 0xFF, 0x0C, 0x7E, 0x00, 0x00, 0x00, 0x3F, 0xFC, 0x00, 0x00, 0x00, 0x00, 0x00, 
....................     0x3F, 0xFF, 0x7B, 0xFF, 0x9C, 0xFE, 0x00, 0x00, 0x00, 0x00, 0x00, 0x01, 0xFF, 0x00, 0x00, 0x00, 
....................     0x33, 0xFF, 0xFB, 0xBF, 0xBE, 0xFE, 0x00, 0x00, 0x00, 0x00, 0x00, 0x0F, 0xFF, 0xF0, 0x00, 0x00, 
....................     0x3F, 0xF1, 0xFF, 0x99, 0xF7, 0xE0, 0x03, 0xFF, 0xFF, 0xFF, 0xE0, 0x3F, 0xFF, 0xFC, 0x00, 0x00, 
....................     0x3F, 0xFF, 0xF7, 0x99, 0xFF, 0xFC, 0x0F, 0xFF, 0xFF, 0xFF, 0xF8, 0x73, 0xFF, 0xFE, 0x00, 0x00, 
....................     0x3F, 0x3F, 0xF7, 0x99, 0xFF, 0xFE, 0x1F, 0xFF, 0xFE, 0x33, 0xF8, 0xC1, 0xFF, 0xFF, 0x00, 0x00, 
....................     0x10, 0x1F, 0x33, 0x88, 0xE0, 0xFE, 0x7E, 0x7F, 0xFF, 0xF3, 0xF1, 0xD1, 0xFF, 0xFF, 0x80, 0x7C, 
....................     0x00, 0x00, 0x00, 0x00, 0x00, 0x01, 0xFC, 0x7F, 0xC7, 0xF7, 0xE3, 0xFF, 0xFF, 0xFF, 0x80, 0x46, 
....................     0x00, 0x00, 0x00, 0x00, 0x00, 0x03, 0xF0, 0x7F, 0x83, 0xFF, 0xC3, 0xFF, 0xFF, 0xFF, 0xC0, 0xD7, 
....................     0x00, 0x00, 0x00, 0x00, 0x00, 0x0F, 0xC0, 0x7F, 0x83, 0xFF, 0xC7, 0xFF, 0xFF, 0xFF, 0xE0, 0x1E, 
....................     0x00, 0x00, 0x00, 0x00, 0x00, 0x1F, 0x81, 0x3F, 0x9F, 0xFF, 0x8F, 0xFF, 0xFF, 0xFF, 0xE0, 0x1E, 
....................     0x00, 0x00, 0x00, 0x00, 0x00, 0x3E, 0x01, 0x3F, 0xFF, 0xFF, 0x0F, 0xFF, 0xFF, 0xFF, 0x80, 0x1E, 
....................     0x00, 0x00, 0x00, 0x40, 0x00, 0xFC, 0x03, 0xFC, 0xFF, 0xFF, 0x1F, 0xFF, 0xFF, 0xF8, 0x00, 0x0E, 
....................     0x00, 0x0F, 0xEC, 0xC0, 0x01, 0xF9, 0xCF, 0xFD, 0xFF, 0xFE, 0x1F, 0xFF, 0xFF, 0xC0, 0x00, 0x0E, 
....................     0x3F, 0xFF, 0xFF, 0xF0, 0x07, 0xFF, 0xFF, 0xFD, 0xFF, 0xFC, 0x1E, 0x7F, 0x7E, 0x00, 0x00, 0x0E, 
....................     0xFF, 0xFF, 0xFF, 0xF6, 0x07, 0xFF, 0xFF, 0xFD, 0xFF, 0xFC, 0x38, 0x03, 0x70, 0x00, 0x00, 0x0F, 
....................     0xFF, 0xFF, 0xFF, 0xF6, 0x00, 0x0F, 0xFF, 0xFF, 0xFF, 0xF8, 0x38, 0x03, 0x00, 0x00, 0x00, 0x0E, 
....................     0xFF, 0xFF, 0xFF, 0xF0, 0x00, 0x00, 0x01, 0xFF, 0xFF, 0xE0, 0x38, 0x00, 0x00, 0x00, 0x00, 0x0E, 
....................     0xFF, 0xFF, 0xFF, 0xC0, 0x00, 0x00, 0x00, 0x00, 0x00, 0x00, 0x30, 0x04, 0x00, 0x00, 0x00, 0x0E, 
....................     0xFF, 0xFF, 0xFE, 0x00, 0x00, 0x00, 0x00, 0x00, 0x00, 0x00, 0x38, 0x60, 0x00, 0x00, 0x00, 0x0F, 
....................     0xFF, 0xFF, 0xF0, 0x00, 0x00, 0x00, 0x00, 0x00, 0x00, 0x00, 0x20, 0x00, 0x00, 0x00, 0x00, 0x01, 
....................     0xFF, 0xFF, 0xC0, 0x00, 0x00, 0x00, 0x00, 0x00, 0x00, 0x00, 0x00, 0x00, 0x00, 0x00, 0x03, 0x80, 
....................     0xFF, 0xFF, 0x00, 0x00, 0x00, 0x00, 0x00, 0x00, 0x00, 0x00, 0x00, 0x00, 0x00, 0x00, 0x07, 0xC0, 
....................     0xFF, 0xFC, 0x00, 0x00, 0x00, 0x00, 0x00, 0x00, 0x00, 0x00, 0x00, 0x00, 0x00, 0x00, 0x0F, 0xC0, 
....................     0xFF, 0xF0, 0x00, 0x00, 0x00, 0x00, 0x00, 0x00, 0x00, 0x00, 0x00, 0x00, 0x00, 0x00, 0x0F, 0xC0, 
....................     0xFF, 0xE0, 0x00, 0x00, 0x00, 0x00, 0x00, 0x00, 0x00, 0x00, 0x00, 0x00, 0x00, 0x00, 0x1D, 0xC0, 
....................     0xFF, 0xC0, 0x00, 0x00, 0x00, 0x00, 0x00, 0x00, 0x00, 0x00, 0x00, 0x00, 0x00, 0x00, 0x1D, 0x90, 
....................     0xFF, 0xC0, 0x00, 0x00, 0x00, 0x00, 0x00, 0x00, 0x00, 0x00, 0x00, 0x00, 0x00, 0x00, 0x1D, 0x90, 
....................     0xFF, 0xC0, 0x00, 0x00, 0x00, 0x00, 0x00, 0x00, 0x00, 0x00, 0x00, 0x00, 0x00, 0x00, 0x3F, 0xB0, 
....................     0xFF, 0xE0, 0x00, 0x00, 0x00, 0x00, 0x00, 0x00, 0x00, 0x00, 0x00, 0x00, 0x00, 0x00, 0x3F, 0xE0, 
....................     0xFF, 0xE0, 0x00, 0x00, 0x00, 0x00, 0x00, 0x00, 0x00, 0x00, 0x00, 0x00, 0x00, 0x00, 0x3F, 0xE0, 
....................     0xFF, 0xF0, 0x00, 0x00, 0x00, 0x00, 0x00, 0x00, 0x00, 0x02, 0x00, 0x00, 0x00, 0x00, 0x3F, 0xE0, 
....................     0xFF, 0xFE, 0x00, 0x00, 0x00, 0x00, 0x00, 0x00, 0x00, 0x00, 0x00, 0x00, 0x00, 0x00, 0x7F, 0xC0, 
....................     0xFF, 0xFE, 0x00, 0x00, 0x00, 0x3F, 0x80, 0x00, 0x1F, 0x80, 0x00, 0x00, 0x00, 0x00, 0x7B, 0x80, 
....................     0xFE, 0xFE, 0x3F, 0xF8, 0x3D, 0xFF, 0x00, 0x00, 0x7F, 0xC0, 0x00, 0x00, 0x00, 0x00, 0x7B, 0x80, 
....................     0xFC, 0x7F, 0x7F, 0xF8, 0x7E, 0xF8, 0x00, 0x00, 0xFF, 0xE0, 0x00, 0x00, 0x00, 0x00, 0xF3, 0x80, 
....................     0xFC, 0x7E, 0x7F, 0xF0, 0xFC, 0xE0, 0x00, 0x01, 0xFF, 0xF0, 0x00, 0x00, 0x00, 0x01, 0xF7, 0x00, 
....................     0xFC, 0x7C, 0x7F, 0xE1, 0xF4, 0xF0, 0x00, 0x03, 0x7F, 0xF0, 0x00, 0x00, 0x00, 0x07, 0xFF, 0x00, 
....................     0xFE, 0x7C, 0xFF, 0xC1, 0xFF, 0xF8, 0x00, 0x07, 0xFF, 0xF0, 0x00, 0x00, 0x00, 0x3F, 0xFE, 0x00, 
....................     0xFF, 0x78, 0xFF, 0xC3, 0xFF, 0x80, 0x00, 0x07, 0xFF, 0xF0, 0x00, 0x00, 0x00, 0xF8, 0xF8, 0x00, 
....................     0xFF, 0x18, 0xFF, 0x80, 0x00, 0x00, 0x00, 0x07, 0xFC, 0xF8, 0x00, 0x00, 0x07, 0xE0, 0x00, 0x00, 
....................     0xFF, 0x81, 0xFF, 0x00, 0x00, 0x00, 0x00, 0x07, 0xF9, 0xF8, 0x00, 0x00, 0x1F, 0x80, 0x00, 0x00, 
....................     0xFF, 0x80, 0x00, 0x00, 0x00, 0x00, 0x00, 0x0F, 0xF1, 0xF8, 0x00, 0x00, 0x7E, 0x00, 0x00, 0x00, 
....................     0xFF, 0xF0, 0x00, 0x00, 0x00, 0x00, 0x00, 0x0F, 0xF3, 0x30, 0x00, 0x01, 0xF8, 0x00, 0x00, 0x00, 
....................     0xFF, 0xDF, 0x00, 0x00, 0x00, 0x00, 0x00, 0x0E, 0x73, 0x70, 0x00, 0x07, 0xC0, 0x00, 0x00, 0x00, 
....................     0xFE, 0xC1, 0xE0, 0x00, 0x00, 0x00, 0x00, 0x1E, 0x67, 0xF0, 0x00, 0x3F, 0x00, 0x00, 0x00, 0x00, 
....................     0xFE, 0xC0, 0x60, 0x00, 0x00, 0x00, 0x00, 0x1F, 0x3F, 0x30, 0x00, 0xFC, 0x00, 0x00, 0x00, 0x00, 
....................     0xFE, 0xC0, 0x60, 0x00, 0x00, 0x00, 0x00, 0x3F, 0xF9, 0x30, 0x03, 0xE0, 0x00, 0x00, 0x00, 0x00, 
....................     0xC6, 0xE0, 0x60, 0x00, 0x00, 0x00, 0x00, 0x3D, 0xF0, 0x30, 0x1F, 0x80, 0x00, 0x00, 0x00, 0x00, 
....................     0x06, 0x70, 0x3F, 0xC0, 0x0F, 0x00, 0x00, 0x7D, 0xF3, 0xE0, 0x7E, 0x00, 0x00, 0x00, 0x00, 0x00, 
....................     0x07, 0x3E, 0x3F, 0xF0, 0x1F, 0xE0, 0x00, 0x7F, 0xF3, 0xE3, 0xF8, 0x00, 0x1F, 0xFC, 0x1F, 0xFC, 
....................     0x0F, 0x8F, 0xFF, 0xF8, 0x1F, 0xE0, 0x00, 0x7F, 0xBE, 0x7F, 0xC0, 0x00, 0x3F, 0xFE, 0x3F, 0xFE, 
....................     0xFF, 0xC3, 0xFF, 0xF8, 0x1E, 0x60, 0x00, 0xFF, 0x3C, 0x7F, 0x00, 0x00, 0x78, 0x00, 0x78, 0x1E, 
....................     0xFF, 0xE0, 0x3F, 0xF8, 0x0F, 0xE0, 0x00, 0xFF, 0x7C, 0xF0, 0x00, 0x00, 0xF0, 0x00, 0x78, 0x1E, 
....................     0xFF, 0xF8, 0x00, 0xF8, 0x0F, 0xC0, 0x00, 0xFF, 0xFC, 0xE0, 0x00, 0x01, 0xE0, 0x00, 0x3F, 0xF8, 
....................     0xFF, 0xFF, 0x80, 0x00, 0x00, 0x00, 0x00, 0xFF, 0xFF, 0xC0, 0x00, 0x01, 0xE1, 0xFE, 0x7F, 0xF8, 
....................     0xFF, 0xFF, 0xFC, 0x00, 0x00, 0x00, 0x00, 0xFF, 0xF3, 0xC0, 0x00, 0x01, 0xE1, 0xFC, 0xFF, 0xFE, 
....................     0xFF, 0xFF, 0xFF, 0xF8, 0x00, 0x00, 0x01, 0xFF, 0xDF, 0x80, 0x00, 0x01, 0xE0, 0x3D, 0xE0, 0x3E, 
....................     0xFF, 0xFF, 0xFF, 0xFE, 0x00, 0x00, 0x7F, 0xFF, 0xFF, 0x00, 0x00, 0x01, 0xF0, 0x3D, 0xE0, 0x3E, 
....................     0xFF, 0xFF, 0xFF, 0xFF, 0xFF, 0xFF, 0xFF, 0xFF, 0xFC, 0x00, 0x00, 0x00, 0xFF, 0xFC, 0xFF, 0xFC, 
....................     0xFF, 0xFF, 0xFF, 0xFF, 0xFF, 0xFF, 0xFF, 0xFF, 0xF0, 0x00, 0x00, 0x00, 0x3F, 0xF8, 0x7F, 0xE0, 
....................     0xFF, 0xFF, 0xF8, 0x1F, 0xFF, 0xFF, 0xE0, 0x0F, 0xC0, 0x00, 0x00, 0x00, 0x00, 0x00, 0x00, 0x00 
.................... }; 
....................  
.................... void glcd_imagen(int8 imagen) { 
....................  
....................     char i, j; 
....................     signed char k; 
....................     glcd_rect(0, 0, 128, 64, 1, 0); 
*
064F:  CLRF   40
0650:  CLRF   41
0651:  MOVLW  80
0652:  MOVWF  42
0653:  MOVLW  40
0654:  MOVWF  43
0655:  MOVLW  01
0656:  MOVWF  44
0657:  CLRF   45
....................     if (imagen == 1) { 
*
06B7:  DECFSZ 3C,W
06B8:  GOTO   707
....................         for (i = 0; i < 64; i++) { 
06B9:  CLRF   3D
06BA:  MOVF   3D,W
06BB:  SUBLW  3F
06BC:  BTFSS  03.0
06BD:  GOTO   707
....................             for (j = 0; j < 16; j++) { 
06BE:  CLRF   3E
06BF:  MOVF   3E,W
06C0:  SUBLW  0F
06C1:  BTFSS  03.0
06C2:  GOTO   705
....................                 for (k = 7; k>-1; k--) { 
06C3:  MOVLW  07
06C4:  MOVWF  3F
06C5:  MOVF   3F,W
06C6:  XORLW  80
06C7:  SUBLW  7F
06C8:  BTFSC  03.0
06C9:  GOTO   703
....................                     if (bit_test(imagen_1[i][j], 7 - k)) 
06CA:  CLRF   7A
06CB:  MOVF   3D,W
06CC:  MOVWF  79
06CD:  RLF    79,W
06CE:  MOVWF  40
06CF:  RLF    7A,W
06D0:  MOVWF  41
06D1:  RLF    40,F
06D2:  RLF    41,F
06D3:  RLF    40,F
06D4:  RLF    41,F
06D5:  RLF    40,F
06D6:  RLF    41,F
06D7:  MOVLW  F0
06D8:  ANDWF  40,F
06D9:  MOVF   3E,W
06DA:  ADDWF  40,W
06DB:  MOVWF  78
06DC:  MOVF   41,W
06DD:  MOVWF  7A
06DE:  BTFSC  03.0
06DF:  INCF   7A,F
06E0:  MOVF   78,W
06E1:  CALL   004
06E2:  MOVWF  40
06E3:  MOVF   3F,W
06E4:  SUBLW  07
06E5:  MOVWF  41
06E6:  MOVF   40,W
06E7:  MOVWF  77
06E8:  MOVF   41,W
06E9:  MOVWF  78
06EA:  BTFSC  03.2
06EB:  GOTO   6F0
06EC:  BCF    03.0
06ED:  RRF    77,F
06EE:  DECFSZ 78,F
06EF:  GOTO   6EC
06F0:  BTFSS  77.0
06F1:  GOTO   701
....................                         //if(bit_test(imagen_1[i*16+j],7-k)) 
....................                         glcd_pixel(j * 8 + k, i, ON); 
06F2:  RLF    3E,W
06F3:  MOVWF  77
06F4:  RLF    77,F
06F5:  RLF    77,F
06F6:  MOVLW  F8
06F7:  ANDWF  77,F
06F8:  MOVF   77,W
06F9:  ADDWF  3F,W
06FA:  MOVWF  40
06FB:  MOVWF  5B
06FC:  MOVF   3D,W
06FD:  MOVWF  5C
06FE:  MOVLW  01
06FF:  MOVWF  5D
0700:  CALL   523
0701:  DECF   3F,F
0702:  GOTO   6C5
....................                 } 
0703:  INCF   3E,F
0704:  GOTO   6BF
....................             } 
0705:  INCF   3D,F
0706:  GOTO   6BA
....................         } 
....................     } 
....................     if (imagen == 2) { 
0707:  MOVF   3C,W
0708:  SUBLW  02
0709:  BTFSS  03.2
070A:  GOTO   75B
....................         for (i = 0; i < 64; i++) { 
070B:  CLRF   3D
070C:  MOVF   3D,W
070D:  SUBLW  3F
070E:  BTFSS  03.0
070F:  GOTO   75B
....................             for (j = 0; j < 16; j++) { 
0710:  CLRF   3E
0711:  MOVF   3E,W
0712:  SUBLW  0F
0713:  BTFSS  03.0
0714:  GOTO   759
....................                 for (k = 7; k>-1; k--) { 
0715:  MOVLW  07
0716:  MOVWF  3F
0717:  MOVF   3F,W
0718:  XORLW  80
0719:  SUBLW  7F
071A:  BTFSC  03.0
071B:  GOTO   757
....................                     if (bit_test(imagen_2[i][j], 7 - k)) 
071C:  CLRF   7A
071D:  MOVF   3D,W
071E:  MOVWF  79
071F:  RLF    79,W
0720:  MOVWF  40
0721:  RLF    7A,W
0722:  MOVWF  41
0723:  RLF    40,F
0724:  RLF    41,F
0725:  RLF    40,F
0726:  RLF    41,F
0727:  RLF    40,F
0728:  RLF    41,F
0729:  MOVLW  F0
072A:  ANDWF  40,F
072B:  MOVF   3E,W
072C:  ADDWF  40,W
072D:  MOVWF  78
072E:  MOVF   41,W
072F:  MOVWF  7A
0730:  BTFSC  03.0
0731:  INCF   7A,F
0732:  MOVF   78,W
0733:  BSF    0A.3
0734:  CALL   000
0735:  BCF    0A.3
0736:  MOVWF  40
0737:  MOVF   3F,W
0738:  SUBLW  07
0739:  MOVWF  41
073A:  MOVF   40,W
073B:  MOVWF  77
073C:  MOVF   41,W
073D:  MOVWF  78
073E:  BTFSC  03.2
073F:  GOTO   744
0740:  BCF    03.0
0741:  RRF    77,F
0742:  DECFSZ 78,F
0743:  GOTO   740
0744:  BTFSS  77.0
0745:  GOTO   755
....................                         //if(bit_test(imagen_1[i*16+j],7-k)) 
....................                         glcd_pixel(j * 8 + k, i, ON); 
0746:  RLF    3E,W
0747:  MOVWF  77
0748:  RLF    77,F
0749:  RLF    77,F
074A:  MOVLW  F8
074B:  ANDWF  77,F
074C:  MOVF   77,W
074D:  ADDWF  3F,W
074E:  MOVWF  40
074F:  MOVWF  5B
0750:  MOVF   3D,W
0751:  MOVWF  5C
0752:  MOVLW  01
0753:  MOVWF  5D
0754:  CALL   523
0755:  DECF   3F,F
0756:  GOTO   717
....................                 } 
0757:  INCF   3E,F
0758:  GOTO   711
....................             } 
0759:  INCF   3D,F
075A:  GOTO   70C
....................         } 
....................     } 
075B:  RETURN
....................  
.................... } 
....................  
.................... void main() { 
*
0770:  MOVF   03,W
0771:  ANDLW  1F
0772:  MOVWF  03
0773:  MOVLW  FF
0774:  MOVWF  20
0775:  BSF    03.5
0776:  BSF    1F.0
0777:  BSF    1F.1
0778:  BSF    1F.2
0779:  BCF    1F.3
077A:  MOVLW  07
077B:  MOVWF  1C
077C:  BCF    03.7
....................     CHAR A5[ ] = "A5"; 
077D:  MOVLW  41
077E:  BCF    03.5
077F:  MOVWF  21
0780:  MOVLW  35
0781:  MOVWF  22
0782:  CLRF   23
....................     CHAR A4[ ] = "A4"; 
0783:  MOVLW  41
0784:  MOVWF  24
0785:  MOVLW  34
0786:  MOVWF  25
0787:  CLRF   26
....................     CHAR A3[ ] = "A3"; 
0788:  MOVLW  41
0789:  MOVWF  27
078A:  MOVLW  33
078B:  MOVWF  28
078C:  CLRF   29
....................     CHAR A2[ ] = "A2"; 
078D:  MOVLW  41
078E:  MOVWF  2A
078F:  MOVLW  32
0790:  MOVWF  2B
0791:  CLRF   2C
....................     CHAR A1[ ] = "A1"; 
0792:  MOVLW  41
0793:  MOVWF  2D
0794:  MOVLW  31
0795:  MOVWF  2E
0796:  CLRF   2F
....................     CHAR A0[ ] = "A0"; 
0797:  MOVLW  41
0798:  MOVWF  30
0799:  MOVLW  30
079A:  MOVWF  31
079B:  CLRF   32
....................     CHAR IN[ ] = "PUERTO A"; 
079C:  MOVLW  50
079D:  MOVWF  33
079E:  MOVLW  55
079F:  MOVWF  34
07A0:  MOVLW  45
07A1:  MOVWF  35
07A2:  MOVLW  52
07A3:  MOVWF  36
07A4:  MOVLW  54
07A5:  MOVWF  37
07A6:  MOVLW  4F
07A7:  MOVWF  38
07A8:  MOVLW  20
07A9:  MOVWF  39
07AA:  MOVLW  41
07AB:  MOVWF  3A
07AC:  CLRF   3B
....................     glcd_init(ON); 
07AD:  MOVLW  01
07AE:  MOVWF  3C
07AF:  GOTO   463
....................  
....................     while (1) { 
....................         glcd_imagen(1); 
07B0:  MOVLW  01
07B1:  MOVWF  3C
07B2:  CALL   64F
....................         delay_ms(2000); 
07B3:  MOVLW  08
07B4:  MOVWF  3C
07B5:  MOVLW  FA
07B6:  MOVWF  3D
07B7:  CALL   75C
07B8:  DECFSZ 3C,F
07B9:  GOTO   7B5
....................         glcd_imagen(2); 
07BA:  MOVLW  02
07BB:  MOVWF  3C
07BC:  CALL   64F
....................         delay_ms(2000); 
07BD:  MOVLW  08
07BE:  MOVWF  3C
07BF:  MOVLW  FA
07C0:  MOVWF  3D
07C1:  CALL   75C
07C2:  DECFSZ 3C,F
07C3:  GOTO   7BF
07C4:  GOTO   7B0
....................     } 
.................... } 
07C5:  SLEEP

Configuration Fuses:
   Word  1: 3F72   HS NOWDT PUT BROWNOUT NOLVP NOCPD NOWRT NODEBUG NOPROTECT
